,sampleid,peak_ZT_author_declared,peak_ZT_tep_reevaluated,peak_ZT_smallT_tep_reevaluated,peak_ZT_smallT_author_declared,avg dZT on T of ZT,avg dZT on T of TEP,avg dZT on T of smallT,rms dZT on T of ZT,rms dZT on T of TEP,avg dZT/ZT on T of ZT,avg dZT/ZT on T of TEP,rms dZT/ZT on T of ZT,rms dZT/ZT on T of TEP
0,1,1.700949072941632,1.517582898123086,1.517582898123086,1.700949072941632,0.10376181284212652,0.09758541470866035,0.09839364132256259,0.11843996773276405,0.11214132562584851,0.1150361706526993,0.11473984421879939,0.11545251281445996,0.1151864073831091
1,2,2.209386885200819,2.3742530581415067,2.35518904064953,2.209386885200819,-0.030513633614221616,-0.032279612984903804,-0.030513633614221616,0.052641004336322746,0.05555281792716264,-0.015054963101158936,-0.01603251148245101,0.0286084288350674,0.02962774426845736
2,4,1.457454,1.453887232311876,1.4506101665938254,1.457454,0.014983912711996939,0.01490522567840145,0.014983912711996939,0.01675003682303354,0.016677766884077874,0.021060363980986298,0.02108361056278832,0.023420646603287826,0.02349020887918673
3,5,2.2869664285714286,2.306383024050004,2.303365097253118,2.2869664285714286,-0.006979610972984076,0.01513929977597591,-0.006979610972984076,0.015526155091478217,0.062084116964048246,-0.00363126563398762,0.07144237637440758,0.018534705242226404,0.22236529201325003
4,6,2.0892548211787427,2.139501015224067,2.139501015224067,2.0892548211787427,-0.0027721584432145764,-0.0027602032463683794,-0.0027721584432145764,0.015064875391360482,0.015012007152692464,-0.021142536627362117,-0.02110883016351625,0.03812315160533087,0.038013466567294006
5,7,1.511151498313253,1.464097922499613,1.464097922499613,1.5050767995180725,0.01111400455344293,0.01037711686290455,0.010863087327986687,0.026207324516926856,0.02589885231308469,-0.004628581223782761,-0.0071123940618830405,0.0404917332227683,0.04356296003210539
6,8,2.1018489173333337,2.0053597068652533,2.0053597068652533,2.033475854653674,-0.024754359863864355,-0.026964784807026,-0.026964784807026,0.0396496192543403,0.0393625630537072,-0.02047890436394296,-0.020167079692742774,0.03127016422079444,0.02825212239167822
7,9,1.2545807800904976,1.26190720997198,1.26190720997198,1.2545807800904976,0.007687483652086576,0.010186184357359658,0.007687483652086576,0.013612074817853124,0.017714003747546666,0.006767448362275497,0.00947776353935511,0.011879069837245274,0.01696762422446933
8,10,1.7494888155571071,1.727902972566642,1.727902972566642,1.7494888155571071,0.02505741479454458,0.02505741479454458,0.02505741479454458,0.030459478997537794,0.030459478997537794,0.02626041880018106,0.02626041880018106,0.02977787967016129,0.02977787967016129
9,11,1.3894386042225202,1.3324273944340477,1.3324273944340477,1.3894386042225202,0.029391917370926064,0.029236452934616564,0.029391917370926064,0.03569275755348472,0.03555723622315381,0.03883915191037745,0.03860036678903314,0.049757532313629685,0.04955849772069793
10,12,1.85714,1.8468809745672865,1.8468809745672865,1.85714,0.02193569047736943,0.021661595226120538,0.02193569047736943,0.025236855249549116,0.024968878694059216,0.018277672086549138,0.018252093540117524,0.022323330690015936,0.02220317248336034
11,13,0.994876033057851,1.07766877243387,1.07766877243387,0.994876033057851,-0.02193230296184365,-0.022969534002445724,-0.02193230296184365,0.03708105642526809,0.037874541661297514,-0.030797214523092913,-0.03149966402603246,0.04982327587354856,0.05000712251116527
12,14,1.0586979462696229,1.0553073953991694,1.0553073953991694,1.0586979462696229,0.012649811642235357,0.012748762628245449,0.012649811642235357,0.013489457332832735,0.013555066940002495,0.013300119829298523,0.013498969829881365,0.014360302125638744,0.014532770625438939
13,15,1.3328588631236558,1.3649009463870505,1.3649009463870505,1.3328588631236558,-0.004756868479826163,-0.004703171460001932,-0.004756868479826163,0.01248172336843848,0.012852734862658265,-0.002429375567287154,-0.0020868996889866786,0.011763899439087344,0.012921796868899271
14,16,1.1032202147481447,1.091021844950255,1.091021844950255,1.1032202147481447,0.00357218299601219,0.00340238919242414,0.00357218299601219,0.004887956641479966,0.00495772705744423,0.00352658981554985,0.003388927733627115,0.004751620175056602,0.0049034467463812065
15,17,1.7524540187986255,1.7795863027690113,1.7795863027690113,1.7524540187986255,0.00035257837804378886,0.00020147604769666906,0.00035257837804378886,0.008340001343090668,0.008409176287224682,0.006535965370523035,0.006611743603938592,0.01706123836704059,0.0171164119123984
16,18,1.4853504206103132,1.552553372229571,1.552553372229571,1.4853504206103132,-0.012967004463839284,-0.012967004463839284,-0.012967004463839284,0.019828350284281423,0.019828350284281423,-0.015154563575088282,-0.015154563575088282,0.027625691020599082,0.027625691020599082
17,19,1.4393665022457491,1.4347087026609828,1.4347087026609828,1.4393665022457491,0.0019083443886326892,0.0022188817952340286,0.0019083443886326892,0.01010806086160718,0.01007894512698965,0.0020556767111665,0.0023961580573834945,0.008748265150151393,0.008843002701535974
18,20,1.4750380434782633,1.4823907567459988,1.4823907567459988,1.396889787664309,-0.033612736478718805,-0.03322934999158783,-0.033675386469890815,0.04678404431404668,0.04671814214005142,-9.570210195390113e-05,0.001045850785766842,0.18258615286185906,0.18381187367945157
19,23,2.0052333075642004,1.9398743023992635,1.9398743023992635,1.9904873322778955,0.042501381174452055,0.04214569045715657,0.04257402868453612,0.0461396076235587,0.04602139159742063,0.046545511931624386,0.04701851506680809,0.04903174033282743,0.049358619713657244
20,25,1.3049976220672113,1.2675431698257822,1.2675431698257822,1.3049976220672113,0.002017198679052352,0.0019321993227867293,0.002017198679052352,0.04365482957925086,0.043489596068318974,-0.05048673547832797,-0.05085525421023562,0.10802725050744921,0.1079468671384186
21,26,1.2189610389610304,1.0413874524147588,1.0351524359506272,1.2189610389610304,0.11662800971580937,0.11663433394374852,0.11662800971580937,0.1254626559771147,0.12556900397003523,0.3081312184942259,0.31139844718259885,0.33883597449578773,0.34506077190250156
22,27,2.6108333149884766,2.653945215865389,2.653945215865389,2.6108333149884766,0.011018171929557116,0.011051314052248459,0.011018171929557116,0.055712093837423954,0.055522855001050565,-0.04109350746464558,-0.04074390097315488,0.10895545303582152,0.10855555272172387
23,28,2.039419219666216,2.0207412875776427,2.008987930725256,2.039419219666216,0.06384535339862318,0.0632913703442264,0.06384535339862318,0.08009055154677285,0.0795432822968705,0.04065054287967758,0.04089295119641533,0.053153482884454796,0.05358784885416296
24,31,0.853997095477726,0.8559383889261054,0.8528259510565658,0.853997095477726,0.0009255845295894597,0.001065229123997689,0.0009255845295894597,0.0010638092101768399,0.0015516366251725718,0.0012317494193401133,0.001492166087644971,0.001415039319490396,0.002432970014602678
25,32,0.8629969000862813,0.8584952631563963,0.8584952631563963,0.8629969000862813,0.005196311387372369,0.005206897046585519,0.005196311387372369,0.005891681019733348,0.0059994265909773,0.006741556056597542,0.006761943484857551,0.007654666752119422,0.007820098079235447
26,33,0.7279812588138945,0.7426939837241248,0.7426939837241248,0.7279812588138945,-0.01195725425811418,-0.011920456298263488,-0.01195725425811418,0.013261263257266277,0.013461438436018333,-0.017057538896317843,-0.017032050880028862,0.018716486714373547,0.01909593306343014
27,34,1.7995228652057096,1.7816001746066994,1.7816001746066994,1.7995228652057096,0.006709402475266368,0.0069772528898946525,0.006709402475266368,0.008170971050969946,0.008689628014149329,0.005338862018183089,0.005494981622707123,0.006605967787278073,0.0068054140636772936
28,35,0.4797684578281282,0.5379899975433443,0.5268282452546417,0.4797684578281282,-0.014308247249862766,-0.015329366007199802,-0.014308247249862766,0.019593501236778124,0.02122154534660798,-0.03689106706180913,-0.0385317096679268,0.04377972631659164,0.04616806293775589
29,36,1.4147342344571603,1.410475883123711,1.406160269968056,1.4147342344571603,0.007120872548014146,0.006271723410863451,0.007120872548014146,0.007407880551047128,0.008278157934049268,0.005658611656312507,0.005118505041275095,0.005969434577926409,0.006637193953432433
30,37,1.2255767839381102,1.2284807006253835,1.2284807006253835,1.2255767839381102,0.0035724672049388326,0.003499527905554781,0.0035724672049388326,0.005690301057187395,0.005621213560411253,0.004536247696629611,0.004438394961239583,0.007150446168341203,0.007063181918880438
31,38,1.1862324926931107,1.1947101619217488,1.1947101619217488,1.1862324926931107,0.0019302811856789386,0.002498613771094201,0.0019302811856789386,0.005665451383326568,0.006789044658949883,0.001840642966108681,0.00243094030737089,0.005210790272299134,0.006333247011831555
32,39,1.4695020871525168,1.461214333230949,1.461214333230949,1.4695020871525168,0.0055516935778153875,0.005081042058978984,0.0055516935778153875,0.006362713432283559,0.0064121412427003005,0.004337244572725864,0.003855942575056761,0.004896742355528425,0.0051092825122620086
33,40,0.7999155466620063,0.8031725432310417,0.8031725432310417,0.7999155466620063,-0.013723186913850502,-0.013986268861602253,-0.013723186913850502,0.015120585506618265,0.015405331597765576,-0.01849446639066951,-0.0189731547843021,0.02067905895413247,0.021248411783586926
34,41,0.7627517864334924,0.7670240720548183,0.7586263865668724,0.7627517864334924,-6.342256628292956e-05,0.00012292843407044738,-6.342256628292956e-05,0.0018288381352091847,0.002062747609168641,0.000686125377278476,0.0014932557415946277,0.0053816378996176546,0.007269063677133228
35,42,1.0061168841525794,1.004474182419417,1.004474182419417,1.0061168841525794,0.01156925145468384,0.011388522289592177,0.01156925145468384,0.013127384591249179,0.01301296408315739,0.013476376941145915,0.01336786554675945,0.015535280566457577,0.01552161740868832
36,43,1.1997352523868912,1.174142419592796,1.174142419592796,1.1997352523868912,0.01906402720229518,0.019065954522278362,0.01906402720229518,0.01990395569903536,0.019875894091274354,0.02327783942947361,0.023530269763569867,0.025707577328590043,0.02596198495950014
37,44,1.229456540305777,1.222159951732632,1.222159951732632,1.229456540305777,0.0024314418561365682,0.0031111487897538207,0.0024314418561365682,0.010284063552844077,0.010691866797577105,0.002804372465485336,0.0038164791798182235,0.010365657934351397,0.011425760885085035
38,45,0.2438896875377839,0.2420345674187199,0.2420345674187199,0.2438896875377839,0.00038540063262715145,0.00040776968339056705,0.00038540063262715145,0.0020971724130111674,0.0020764080110023475,0.0011124913961110881,0.0013006912132398827,0.009507188626863233,0.009460334755701256
39,46,1.0353899284322514,1.0449511801928977,1.0449511801928977,1.0353899284322514,0.007207828066525011,0.007673971086284246,0.007207828066525011,0.011214379630224931,0.011879572818274703,0.009522783750565823,0.010027481039636616,0.01452251183570278,0.015163427543507189
40,47,0.8912616438092593,0.894822383900078,0.894822383900078,0.8912616438092593,-0.0008106660363053908,-0.0007851494145105907,-0.0008106660363053908,0.0023892967580560654,0.0029698885788704793,-0.0009446363643390882,-0.0009231373243872127,0.0029331009157263664,0.0038041681468435934
41,48,0.596870282,0.602390671486785,0.602390671486785,0.596870282,-0.002633981989533096,-0.0025029305848292033,-0.002633981989533096,0.004139249872256127,0.0045934963825245015,-0.004520836971349385,-0.004261640615227579,0.0073935871632791654,0.008394916852522746
42,49,1.1371319905411044,1.1754312356943224,1.1754312356943224,1.1371319905411044,-0.008412065532810483,-0.008027400184614257,-0.008412065532810483,0.017001935563217482,0.017138484675699325,-0.007245649084510078,-0.006877697754822625,0.015208612965525803,0.015522500589596366
43,50,1.1312993400739728,1.1721888035286463,1.1721888035286463,1.1312993400739728,-0.02043220208528501,-0.019771690769566325,-0.02043220208528501,0.026642236853580154,0.0269208111032777,-0.017898537475684383,-0.017298842588485363,0.023890052657288195,0.024397699828336956
44,51,0.8998722617671345,0.8949252307267987,0.8949252307267987,0.8998722617671345,-0.004162206672877203,-0.004160577746945078,-0.004162206672877203,0.013519052479120868,0.0140953831219461,-0.00493844908338166,-0.004957433352809692,0.016547472821934608,0.017472672979209677
45,52,0.4521109382723443,0.4519840847277015,0.4519840847277015,0.4521109382723443,-0.00050105644256034,-0.0003763048074023355,-0.00050105644256034,0.0007506655063220689,0.000972690820711512,-0.0011882858746155255,-0.0008466973519052303,0.0017818456091794395,0.0024489967136946825
46,53,0.869643,0.904710631660691,0.904710631660691,0.869643,-0.031154188861320684,-0.03129350949604377,-0.031154188861320684,0.0317563031416065,0.03193759161634238,-0.03700623094270567,-0.037361218973752504,0.037778285695013895,0.03818827908084957
47,54,0.7052985970877488,0.7033382187276308,0.7029095921545481,0.7052985970877488,0.003719374640217905,0.0036867192688887743,0.003719374640217905,0.0045126626866899625,0.004469697918876098,0.0060631391163902485,0.0059951831826637325,0.007332250327584176,0.007254781993204094
48,55,1.0966602638085408,1.0902076749507377,1.0902076749507377,1.0966602638085408,0.008508683057970992,0.008812801118315044,0.008508683057970992,0.013190654834976081,0.013416766705152721,0.011522477545805586,0.01171321441979869,0.019123017446516698,0.01911382341767569
49,56,0.9604941198843416,0.957651313988746,0.957651313988746,0.9604941198843416,-0.008266123691316265,-0.00791471153163582,-0.008266123691316265,0.015541698253903643,0.015441663300374994,-0.008822022089724157,-0.007185144254303055,0.01914009963861378,0.021579166224108097
50,57,1.0238706218972484,1.0416759467309913,1.0416759467309913,1.0238706218972484,-0.009183473476289193,-0.008709812926191296,-0.009183473476289193,0.013435881177432451,0.013157024938263425,-0.015653425389349548,-0.01248084674579114,0.024070041732971035,0.027986985074262352
51,59,0.9429403677430436,0.9074933321327672,0.9074933321327672,0.9429403677430436,0.027885914441283733,0.027613619842939544,0.027885914441283733,0.0360792555200297,0.035881948568073245,0.15654349559827851,0.1838682848091311,0.2980469636185076,0.4057397708423896
52,60,0.3058578867193804,0.3130312087212009,0.3050753857911472,0.3058578867193804,0.0011282830178444374,0.001143558858790771,0.0011282830178444374,0.0018485299707066388,0.0018499763397599608,0.03221109742790129,0.03594137922629525,0.0563817329868691,0.0657836449350196
53,62,0.6083346148810014,0.6385739460971399,0.6282381032468721,0.6083346148810014,-0.011246414558754516,-0.011253751974521099,-0.011246414558754516,0.013035690066268767,0.013183303220721946,-0.019820941630495893,-0.019701102841575023,0.02238346563316411,0.02243146227976724
54,63,1.141251679169071,1.1531391562416624,1.1531391562416624,1.141251679169071,-0.0038705974373190837,-0.0037698659016907553,-0.0038705974373190837,0.006770068357826151,0.0066533877314131525,-0.0028619486833219767,-0.0028309069718280844,0.008251517650330008,0.008114833865599662
55,64,0.5373430029828485,0.4338229570096883,0.4098501168090376,0.5373430029828485,0.0392391055546755,0.04192898325784652,0.0392391055546755,0.0553036735565549,0.0586963191585997,1.501224087062751,1.4619888142562627,7.830941990822721,7.70377129806323
56,65,1.2756872277867528,1.2737528114137655,1.2737528114137655,1.2756872277867528,0.0004849364872435591,0.0006958725963726369,0.0004849364872435591,0.004014929172526291,0.004275742391265349,-8.146323476437844e-05,0.00012571958200812596,0.005136138490907982,0.005293222132844706
57,66,1.3582211233370012,1.3731733286840206,1.3715900592049717,1.3582211233370012,-0.001644072611602748,-0.003138787674250465,-0.001644072611602748,0.008680457268149639,0.010118344468406235,-0.0012139448279223882,-0.002507755498168223,0.006953554546527249,0.008317538691907635
58,67,1.159146464920351,1.1520677047279109,1.1520677047279109,1.159146464920351,0.005930933849891626,0.005601217041470232,0.005930933849891626,0.007459950752657508,0.007530301093477476,0.006140183645716409,0.005896749320963851,0.007780437930647773,0.007906789104723904
59,68,0.8399748245895077,0.823370367994775,0.823370367994775,0.8399748245895077,0.009347165644534989,0.009347841625623288,0.009347165644534989,0.011013099233582894,0.011150352687633631,0.013828723962156486,0.01411322598743629,0.015728209262248813,0.016451129838215128
60,69,0.4609202936739514,0.5104076984507215,0.5104076984507215,0.4609202936739514,-0.04139591881982477,-0.04484430277164005,-0.04484430277164005,0.04549415917155866,0.04840829644387842,-0.12276750631409032,-0.11694142285330397,0.13245797754138272,0.12669495735861655
61,70,0.554030041865362,0.5383984262542855,0.5383984262542855,0.554030041865362,0.03283695836167971,0.03770255239311106,0.03770255239311106,0.04296751220690596,0.04605514969377645,0.08643240704077237,0.09961404644464189,0.11574291569663851,0.1226157670275266
62,71,0.9536436497835896,0.9555020006308356,0.9555020006308356,0.9536436497835896,-0.0031019615178083824,-0.0030705298993329326,-0.0031019615178083824,0.007835833663318073,0.0075220854425669574,-0.004180337018497593,-0.004186287186563387,0.009849073347157579,0.009477623974179335
63,72,0.2898789017079122,0.2979188399383236,0.2979188399383236,0.2898789017079122,-0.006918536882876293,-0.006853288158964214,-0.006918536882876293,0.007920866625383055,0.007859556176491912,-0.026496710491887215,-0.026347738299931815,0.03030865762040766,0.03012822578754115
64,73,0.3956104643838395,0.3829983503858997,0.3829983503858997,0.3956104643838395,0.015901615033754375,0.015719838828446846,0.015901615033754375,0.01748430930313107,0.017366984529029152,0.13891472475872632,0.138604325099719,0.15448438942040668,0.15405506097648397
65,74,0.4787037759131293,0.4801973904763299,0.4801973904763299,0.4787037759131293,-0.0009614082492527885,-0.0008468295612701024,-0.0009614082492527885,0.0014626257626997607,0.0016935849005163827,-0.001980764345040448,-0.001595243175881574,0.0033809432408725497,0.0043149120290511865
66,75,0.7455770059095528,0.7645951488536479,0.7595075406117195,0.7455770059095528,-0.0072714982031498124,-0.007344575573582099,-0.0072714982031498124,0.013002866203926534,0.01298492283828117,-0.01234668625425473,-0.012554533460965345,0.024873512857173694,0.024787355370107164
67,76,0.3576554680803068,0.3421926172565885,0.3421926172565885,0.3576554680803068,0.01235965062565665,0.019906183292771922,0.020933719963854933,0.055514575682059,0.05118020365468636,7.804927593287797,8.318901288995677,61.38786416608395,63.40121512783247
68,77,1.2081471574518745,1.320698255571316,1.295805219714411,1.2081471574518745,-0.025255190137096525,-0.025590963645185972,-0.025255190137096525,0.04850529605062733,0.04891132676506652,-0.021344318936557326,-0.021083302295125422,0.04608650859070979,0.046426115874678986
69,78,1.1327459432876017,1.1093064916303823,1.1013379185444174,1.1327459432876017,0.029240126408996706,0.02889258596813317,0.029240126408996706,0.03509217506869495,0.034788522929644745,0.039806639149028024,0.039343699243139726,0.04349480560656827,0.043094948413644675
70,79,1.641484432885421,1.8199542124903083,1.8199542124903083,1.641484432885421,-0.058365798171540015,-0.058345603000849657,-0.058365798171540015,0.08553200057617731,0.08545394390364451,-0.015107444839473138,-0.015383533010549852,0.07896620566427663,0.07850813293473673
71,80,1.2668235354529,1.2996599633527153,1.2996599633527153,1.2668235354529,0.011496606908442905,0.012270690309300518,0.011496606908442905,0.029399494866081587,0.029129905358845666,0.021603042232667558,0.03700819411260734,0.04038968903202508,0.08119735280422949
72,81,0.930317890480492,1.0892413636634677,1.0892413636634677,0.930317890480492,-0.09483039564130248,-0.09170951306686764,-0.09170951306686764,0.10757794078871455,0.10372296406540082,-0.12968867675474038,-0.12836546518238645,0.13208908624656962,0.1306405460222374
73,83,0.7843863214285716,0.7991791121285438,0.7898427881431719,0.7843863214285716,-0.011026779982200483,-0.011057072388246736,-0.011026779982200483,0.013416839367339223,0.01337953346771632,-0.018995658636905038,-0.019196470113254285,0.022332077020460445,0.022557374681123104
74,84,0.8089313152002267,0.6468890676764725,0.6468890676764725,0.6683635377798045,0.014861414765316832,0.002652031793214301,0.002652031793214301,0.04048174468144368,0.008554360456000151,0.01209632529949801,-0.007574560971896809,0.07544718246656666,0.043936876651040326
75,85,2.2781829998000003,2.258684327397388,2.254329679074972,2.2781829998000003,0.024752181388282262,0.02465810440384977,0.024752181388282262,0.041280649610494234,0.04102064181405814,0.02574420154777661,0.026745931875121184,0.04225695961848896,0.044543475014545544
76,86,0.260594,0.2676702368038282,0.2558216019025111,0.260594,0.0025790140774685556,0.0026325992847118116,0.0025790140774685556,0.0034910470232566463,0.003530484873840752,0.06465748168286096,0.06360716282913677,0.11372852942619577,0.11246310833095083
77,87,0.6127923768058784,0.6078950279621512,0.6078950279621512,0.6127923768058784,-0.011826475539839128,-0.011551982631282669,-0.011826475539839128,0.013412713159525948,0.013325708039140655,-0.03827986411624694,-0.03830748093126675,0.044540053585584986,0.04520695701163882
78,88,1.0606231622757076,1.0633493118112798,1.0633493118112798,1.0606231622757076,0.010468276391511346,0.010857024360753722,0.010468276391511346,0.01767439640807915,0.018107628831562125,0.04051171095069195,0.04184589240627433,0.05793195270534399,0.05987933774776514
79,89,1.0221354605668822,1.026430061672556,1.026430061672556,1.0221354605668822,0.009764813254937946,0.009643432198812522,0.009764813254937946,0.01342140220274359,0.013314367015528551,0.03371038703772562,0.033195690881210015,0.060567173513526223,0.06006940039295514
80,90,1.2034691387579173,1.2018891731636896,1.1958890810929426,1.2034691387579173,-0.002830023975183019,-0.002905084152341275,-0.002830023975183019,0.013548513208067431,0.013308233849920323,-0.0006659965230959648,-0.001934383434779548,0.02030153215751875,0.021328977357287764
81,91,1.5643411763136836,1.5820503131121586,1.5820503131121586,1.5643411763136836,-0.004317934043005227,-0.004192727744745725,-0.004317934043005227,0.022751555024932486,0.022627727418350896,0.0015519408905756956,0.002500126399587125,0.024444382985755516,0.025882218816201927
82,92,1.711085371755389,1.5678308555770366,1.5678308555770366,1.7058060052793664,0.04669664362774657,0.04273009382134317,0.04273009382134317,0.09800045866218189,0.09478975917601144,0.024442584086553535,0.023279382250904448,0.0770395856298325,0.0736222437694082
83,94,1.8487763478000003,1.9642785021060647,1.912265717511754,1.8487763478000003,0.016166563207295617,0.014143885306527158,0.016166563207295617,0.026229602273671715,0.028632125388646394,0.03746260442972937,0.03618557606681239,0.05214380955837386,0.0520038447092986
84,95,1.3351035516605163,1.103774628525488,1.099825651717337,1.3351035516605163,0.1888908923089046,0.18770418293828214,0.1888908923089046,0.1987589859542846,0.19813120721133612,0.3750103931453438,0.37225302793607024,0.39172563514167247,0.3891422707397582
85,96,1.4240231492439186,1.398256278299921,1.398256278299921,1.4240231492439186,0.020333791210403695,0.020333791210403695,0.020333791210403695,0.03449641245784013,0.03449641245784013,0.021926781056196405,0.021926781056196405,0.0328363549720429,0.0328363549720429
86,97,1.1949596155542634,1.1622914704254943,1.1622914704254943,1.1949596155542634,0.040521172289476104,0.04021473232710418,0.040521172289476104,0.04313441483057889,0.0428682180560333,0.048022762028546676,0.04802315995934123,0.05460478178177824,0.05468495645408516
87,98,1.5354744386809929,1.6410788454130232,1.6410788454130232,1.5354744386809929,0.08733710828829779,0.0865686465601834,0.08733710828829779,0.10669551755007364,0.10606598725271342,0.2601440481856488,0.2680828516894431,0.36962307299373465,0.3806991207095164
88,99,0.4805590799888016,0.4742625185858208,0.4742625185858208,0.4805590799888016,0.0017484517319779358,0.0017484517319779358,0.0017484517319779358,0.002987874975304705,0.002987874975304705,0.004103958246031333,0.004103958246031333,0.008296435202562687,0.008296435202562687
89,100,1.3048914342612954,1.255001802073579,1.255001802073579,1.3048914342612954,0.0016027874933557185,0.002154479063082921,0.0016027874933557185,0.018295595766633328,0.019122660644620478,0.0009670502386051859,0.0010680617631385555,0.029373431365466468,0.02970963586458434
90,101,0.9337863944097567,0.9427950789714956,0.9281703718742194,0.9337863944097567,0.011423821546402415,0.011320703428686529,0.011423821546402415,0.015337256487782426,0.015172613629925556,0.04394804777073914,0.04463323000437242,0.056734384381997766,0.05781022758463281
91,102,1.5221557773574133,1.4215406707671876,1.4215406707671876,1.5221557773574133,0.05678089622444619,0.05639727331165453,0.05678089622444619,0.0772589308436734,0.07756914579465414,0.02773978231300492,0.023744028157663404,0.09689285786664383,0.10475510889998482
92,103,1.4776866841704073,1.5555101433388645,1.546336304948955,1.4776866841704073,-0.008474444932691836,-0.009031124647498752,-0.008474444932691836,0.02018943502846261,0.0214788496635594,0.0037759367227959283,0.004210194088226826,0.057276020866939524,0.05774137024655856
93,104,1.6171771795074823,1.6328486502090007,1.6328486502090007,1.6171771795074823,-0.0038846361337553487,-0.0037622236836652987,-0.0038846361337553487,0.007843406029995307,0.007769213155347048,-0.007179526754878709,-0.006183162637178882,0.014634862173856995,0.015955093815438894
94,105,1.313766842344389,1.3436262803092858,1.3107601061380756,1.313766842344389,0.008906296246993673,0.008774569810466995,0.008906296246993673,0.010574114663334145,0.010518209483584472,0.01946786907827225,0.019677354631723046,0.025799418562523147,0.026308216685276574
95,106,1.7412785108237687,1.777324059950215,1.777324059950215,1.7412785108237687,0.007168387404653455,0.007266189748806548,0.007168387404653455,0.022477110014398866,0.022429786603894757,0.014147569812341276,0.014109303374376282,0.027047814104497046,0.026933022513160865
96,107,1.39775,1.1395255101910184,1.1395255101910184,1.1232373059257588,-0.16313907756324625,-0.0016661851968411293,-0.0016661851968411293,0.313297070054633,0.006860783027422727,-0.08473454385838203,0.0006344724730065472,0.15619775881198317,0.01581301855076993
97,108,1.6003053036437247,1.647542668091455,1.647542668091455,1.6003053036437247,-0.010945729754802815,-0.010945729754802815,-0.010945729754802815,0.016244614236057137,0.016244614236057137,-0.008126561217080051,-0.008126561217080051,0.014510767179930805,0.014510767179930805
98,109,1.1388772809764716,1.1438335079158006,1.1438335079158006,1.1388772809764716,0.022626200402542422,0.022174153092568975,0.022626200402542422,0.037548941109736854,0.037346729203358825,0.07346176618128003,0.0732667816681681,0.114849981913424,0.1147156575852032
99,110,1.6456783642695714,1.6249976999943965,1.6249976999943965,1.6456783642695714,0.08103296856506247,0.08103275314306828,0.08103296856506247,0.1031324400541733,0.10287898877484956,0.06907422716112765,0.06886074460980583,0.10054766603527765,0.10007723170997507
100,111,1.4717369676214198,1.460744046068636,1.448178394396884,1.4717369676214198,0.013301429430731638,0.013807273714717384,0.013301429430731638,0.016719547011964018,0.017289872821587664,0.023387284785944054,0.025225352730430656,0.03340074749531198,0.03756679013439048
101,112,1.725589897880748,1.6559583402473668,1.6559583402473668,1.6969638300208605,0.018431577007561355,0.01792313938484156,0.018203803840844465,0.02820022679458435,0.02803742101340225,0.011471661137056695,0.01057368474376171,0.025360378490968193,0.026100155441627842
102,113,1.4540746904024766,1.0612070715123432,1.0612070715123432,1.2783031451563365,-0.023545205674033665,-0.04493878986173529,-0.04526292579460431,0.113406660685144,0.09011853698116928,-0.11412548177303412,-0.14215344732701765,0.19053193924294823,0.1867487538715183
103,115,2.21569,2.226307312095801,2.226307312095801,2.21569,0.007010087469439979,0.0074144227366436345,0.007010087469439979,0.03416353000180683,0.03441376854916866,0.009740249701570378,0.009875667150312987,0.026526465396372885,0.026527596091899464
104,116,0.5153181627055348,0.5589450560111676,0.5589450560111676,0.5153181627055348,0.006454613160970716,0.006454613160970716,0.006454613160970716,0.012812169309464149,0.012812169309464149,21.652252305705193,21.652252305705193,187.14842115250516,187.14842115250516
105,117,1.9409716046693963,1.9444302079605191,1.9370849686627425,1.9409716046693963,-0.001367039294711012,-0.001118219979743193,-0.0013189604653907855,0.0344398531879429,0.034142813788311965,-0.02957268420765108,-0.028056014282383284,0.07031114669257368,0.06902396023290348
106,118,0.665273774823225,0.6716085712103984,0.6606835917382997,0.665273774823225,-0.0008684157660071532,-0.0008489258814641514,-0.0008684157660071532,0.0036501860172793326,0.003697494214727315,-0.005321535572880121,-0.0027884937013935517,0.0158741700806192,0.018436297518767256
107,119,0.9117461275012824,0.9264959973405156,0.9218286506127557,0.9117461275012824,0.0009322682813447692,0.0008820912894040654,0.0009322682813447692,0.00998051202870109,0.009968458245265106,0.013353860864599899,0.013227494690748486,0.029368257608235297,0.029289063016553676
108,120,1.1344881102810118,1.1548213629514648,1.1506544330907793,1.1344881102810118,-0.004083523301602325,-0.004183792274836377,-0.004091398156562417,0.01142329884848594,0.012308675673800784,-0.011162395712360119,-0.008000579919371848,0.023281976369813714,0.017900090085876293
109,121,1.289440836609472,1.2966196313826823,1.2800805597692757,1.289440836609472,0.023755858813129326,0.02327302924465735,0.023755858813129326,0.03286756328660174,0.03257720079595053,0.024841986127485477,0.024183861896477,0.03225290505920617,0.032039305901585644
110,122,1.7037877358926676,1.850566177240991,1.850566177240991,1.7037877358926676,0.0037255292866661452,0.00378980048112099,0.0037255292866661452,0.032010466829660265,0.03188909430843531,0.19411142309829676,0.20731498121747804,0.41027687740088603,0.4388046286683563
111,123,1.2029303958238406,1.173085232328987,1.173085232328987,1.2029303958238406,0.012326461509506689,0.012207603028646019,0.012326461509506689,0.016390993456846473,0.01662666518971589,0.01378507285251407,0.012851207976607668,0.021654906294100006,0.023414536087674527
112,124,0.980429982625367,1.05478294422306,1.05478294422306,0.980429982625367,0.03778015206689342,0.036448096715734055,0.03778015206689342,0.07187715665287657,0.0710025717523658,0.05209675108185023,0.05033841876019145,0.09289934297692372,0.09175182308931656
113,125,1.324630510362056,1.193972974414933,1.193972974414933,1.324630510362056,0.22628113929298616,0.22628113929298616,0.22628113929298616,0.23063820797580944,0.23063820797580944,0.7736475475474295,0.7736475475474295,0.9540496471765105,0.9540496471765105
114,126,1.139997552142043,1.218366197323927,1.2032633464152864,1.139997552142043,-0.010605560356086596,-0.010914203315066063,-0.010605560356086596,0.015329292735187175,0.016185776690081626,-0.04651463814131689,-0.04491271161481193,0.06306227887499888,0.06397310244165491
115,127,0.9623995776689076,0.9253429717264002,0.922023512449255,0.9623995776689076,-0.005509754210506274,-0.004497394247988225,-0.004939543543639025,0.0225002416123205,0.021951518708926004,-0.03321827414429498,-0.02885088567695184,0.115940071485329,0.10835832926837782
116,128,0.999495283864597,1.1046834520539552,1.063212807178504,0.999495283864597,-0.012075272106653472,-0.013285342912435952,-0.012075272106653472,0.018920988747822737,0.021606867651281923,-0.026699310397809116,-0.027522536963197546,0.04461241166255754,0.04528115243800025
117,129,0.616211315075335,0.4416553312537914,0.4242946530060155,0.616211315075335,0.07602659115485824,0.07636797918376237,0.07602659115485824,0.09919443239475295,0.10011358319833671,0.39986471743086494,0.39458824526650405,0.503002086313614,0.49963235603602624
118,130,0.9877036413122136,1.096679132139589,1.0846595018320204,0.9877036413122136,-0.04059403288234366,-0.04029960259940383,-0.04059403288234366,0.05429891882855892,0.0545326938428438,-0.024733693564285827,-0.017992237835598692,0.11182068847977071,0.12137918432806638
119,131,0.7303069322612203,0.7397391769165268,0.6873783115814418,0.7303069322612203,0.021828723650796123,0.021483530893276016,0.021828723650796123,0.0293378732837747,0.029049457516572747,0.07063598786020421,0.06902687453196944,0.0789483832244285,0.0778885710486348
120,132,1.0213186643835614,1.0409452971322364,1.0409452971322364,1.0213186643835614,-0.008556617066749612,-0.008668678065103793,-0.008668678065103793,0.018211938798734024,0.018291933709472557,0.12228359800436142,0.11655521142401318,0.26067106642851084,0.25190843858108036
121,133,1.2572062077883537,1.2971839154513314,1.2971839154513314,1.2572062077883537,-0.021530557930209446,-0.021799175909263273,-0.021799175909263273,0.03543519949192697,0.03556381525166753,-0.007647333294613421,-0.009473371081585968,0.0670201231338605,0.06438582935757688
122,134,1.3937155797313368,1.4319145036861154,1.4319145036861154,1.3804111013628122,-0.02543475994626811,-0.025353079401494328,-0.025353079401494328,0.035082389686058,0.03495142757639558,-0.02289789100027644,-0.023597817856778083,0.039999787665728544,0.03951280307257395
123,135,1.249110094101041,1.3724739840924611,1.3566857161265442,1.249110094101041,0.024651519004892063,0.02331456162154256,0.024651519004892063,0.04128825961724226,0.04237884440241763,0.06490554654551713,0.06370618523267155,0.08778598323687589,0.08766718986049271
124,136,1.6726349125053357,1.650133010082788,1.6213937964458311,1.6726349125053357,0.005788504790811223,0.006211709009301665,0.005788504790811223,0.015738315488954793,0.016472043572130484,0.012680134859515321,0.012856843043213122,0.04088869052520852,0.04082667451601727
125,137,0.628713210744914,0.6183485141778977,0.6183485141778977,0.628713210744914,0.004261716795558138,0.004261716795558138,0.004261716795558138,0.009443110205796178,0.009443110205796178,0.0010945556039262336,0.0010945556039262336,0.03794563720891634,0.03794563720891634
126,138,1.100674129605679,1.1361717586610622,1.1361717586610622,1.100674129605679,0.0009273911222305328,0.0008755775890002528,0.0009273911222305328,0.008868366447867567,0.008797762207894843,0.004485576388086567,0.003964593811326682,0.018901984469334384,0.01908382414969994
127,139,0.5785032194295767,0.6753960217157934,0.6753960217157934,0.5785032194295767,-0.022289537379318963,-0.023364745859430616,-0.023364745859430616,0.045514667247344695,0.046931668569439394,-0.02259968921706828,-0.023373275890203986,0.08524779630483059,0.08677675898845424
128,140,1.856573966588464,1.904057364758321,1.6416583725748548,1.856573966588464,0.07383471336295168,0.0726062178227865,0.07383471336295168,0.13590542852178591,0.13429476800580073,0.09686229973903802,0.0945512122184076,0.14841511716779626,0.14633134406407533
129,141,1.629033413284133,1.6363331210496053,1.620916596901998,1.629033413284133,0.010797562418453926,0.010675112610685798,0.010797562418453926,0.016506101653204545,0.016409880576559597,0.014656544102947982,0.014488015633534142,0.021893676136593144,0.021766022234370255
130,142,1.904624561323791,1.9249604327193084,1.9249604327193084,1.904624561323791,-0.011067133888847329,-0.010762102683701265,-0.011067133888847329,0.024263747970735487,0.02418084948445501,-0.0034367471732636616,-0.0029337084155824653,0.01854713452406934,0.018940314734853275
131,143,0.500959775,0.5098672193740557,0.5098672193740557,0.494049985,-0.010747628583743795,-0.010500687628196663,-0.010634013823324087,0.017970273931744295,0.017921093892447428,0.0025390812507097905,0.0032098422540266514,0.07463598334374129,0.07496581750065322
132,144,0.5191571910389043,0.4825002801143523,0.4808599635196299,0.5191571910389043,0.017116841990194396,0.0173769688203111,0.017116841990194396,0.020155009500576193,0.02047467825069488,0.13621835418327893,0.1355137354195555,0.1567646896351377,0.15604198719300313
133,145,0.7717408297078932,0.7927329994956973,0.7566341887824827,0.7717408297078932,0.011142609946392408,0.010698767998518148,0.011142609946392408,0.012444734014433497,0.012391786706995684,0.023524055026682724,0.022730557682904714,0.026542475006846537,0.02628879129262048
134,146,1.6352275807714902,1.596489539748679,1.596489539748679,1.6352275807714902,0.004408087702970021,0.004387638538872117,0.004408087702970021,0.011731841447144665,0.011587979466756286,0.004038745569611866,0.004133426834982831,0.010983688553255752,0.010931340898833056
135,147,0.9040424687235844,0.9168165542149808,0.9068581930984272,0.9040424687235844,0.006394737871981745,0.006250579532182322,0.006394737871981745,0.012535328095157117,0.012444003036305882,0.012040761996690326,0.011805588297429172,0.021718615340832168,0.021554660964315464
136,148,1.2699386836736537,1.2540549102654508,1.2540549102654508,1.2608791231110872,0.0004412598721731057,0.0003250812591490673,0.0003250812591490673,0.01134937266925977,0.011348008514410837,-0.0022365758266104326,-0.002356127669582089,0.029667278106162143,0.02980832797280832
137,149,1.75375,1.7531886843826352,1.7531886843826352,1.75375,0.008800183575235125,0.00869151429084964,0.008800183575235125,0.014500984308463243,0.014550164802038214,0.0060043813688024136,0.006146792712226118,0.011064272375253975,0.011487782636409247
138,150,0.8043348438538206,0.7963627421718206,0.7963627421718206,0.8043348438538206,0.0014712092361590854,0.0013806354094747255,0.0014712092361590854,0.007186942700668727,0.007201453584762395,0.0006899406492109591,0.0004450024781899501,0.011085189823781646,0.011358877743637622
139,151,1.637758089357498,1.6714359347634853,1.6714359347634853,1.6192384668188322,0.004654440204816184,0.005028589296570337,0.005021115187796828,0.05288296673213122,0.05272766123809804,0.44484493491445354,0.48442591981555033,1.32373989511696,1.408879408568627
140,152,1.8995870444339904,2.0248776948513867,1.997512038231084,1.8995870444339904,-0.05990942182454702,-0.059703159145134806,-0.05990942182454702,0.09157876209203591,0.09122459000718162,-0.04228765809797218,-0.04175868846751389,0.05804841306318524,0.05768538656059404
141,153,0.9680207321009706,0.9825037613626536,0.9632084122152568,0.9680207321009706,0.011264680060555077,0.010856158740667617,0.011264680060555077,0.016071997201250438,0.015885532792647677,0.039262236672842114,0.03835396380940004,0.06518424680525056,0.06431007291014378
142,154,0.4263767239005343,0.4348250520973687,0.4348250520973687,0.4263767239005343,0.0006538870408464645,0.0008286894894880179,0.0006538870408464645,0.009914724352154163,0.00980044643435173,0.005970861031409018,0.006507007595685977,0.030824830208412535,0.030578231291722352
143,155,0.8154412485101431,0.8303329047556395,0.8252471154369897,0.8154412485101431,0.013509677336343005,0.013061370610284584,0.013509677336343005,0.014881435371024675,0.014785828985373433,0.02441002236061336,0.023712718681654546,0.026570996926577002,0.026330940864720712
144,156,0.9926963796267972,0.9682247719669096,0.9682247719669096,0.9926963796267972,0.03237974329085042,0.10142134795813645,0.03237974329085042,0.03337009924123851,0.14341490848165092,0.03726065841243284,0.17381880415217876,0.038417914201371944,0.2691278744705563
145,157,1.4087784278872424,1.4158861982626223,1.4158861982626223,1.4087784278872424,-0.005688464260010849,-0.005688464260010849,-0.005688464260010849,0.009490449543418896,0.009490449543418896,-0.004182582738265406,-0.004182582738265406,0.006999077341457502,0.006999077341457502
146,159,0.9687517241379312,0.9699387052635604,0.953698986173289,0.9687517241379312,0.0028276025186794325,0.0030234604583705563,0.0028276025186794325,0.015549450674070963,0.015403204884661192,0.0007944570907626906,0.0010642832259993348,0.022718952320157935,0.022433994052355972
147,160,0.994247574476414,0.9384830297292956,0.92320208922899,0.994247574476414,0.03590058844315453,0.03632423584586346,0.03590058844315453,0.04285019434280579,0.04330263612362571,0.06904061136149522,0.06912551951257988,0.07295942477310664,0.072998512390299
148,161,1.1872395363140282,1.1711050900304325,1.1711050900304325,1.1872395363140282,0.018716604353728714,0.018507045732058768,0.018716604353728714,0.022918910982153824,0.022725718558545584,0.021023327554776147,0.020903175499282844,0.02406316021302428,0.023919926259153377
149,162,0.961136944347064,0.9531666106284424,0.936666034739494,0.961136944347064,0.030947855905195776,0.030331855469158567,0.030947855905195776,0.0395407312405467,0.03895599299183634,1.491330713318072,1.444091008631609,7.375078181629753,7.2551522711991305
150,163,0.6902464995338279,0.6803181692216522,0.6760850658019083,0.6902464995338279,0.00599290762898928,0.006060792245128431,0.00599290762898928,0.007717807100309365,0.007782945951508291,0.0266310135969143,0.026545151019879854,0.034046628542444,0.03392079516168469
151,164,1.1204221919472406,1.1888354502975462,1.178895582003697,1.1204221919472406,-0.007439939602390647,-0.008210731070453049,-0.007439939602390647,0.01742809837542966,0.019287254285063223,-0.003609525620186272,-0.004082250079792016,0.019938013200622377,0.02114368920041391
152,165,1.0497473995358944,1.0590021855651142,1.0590021855651142,1.0497473995358944,-0.05538743158968055,-0.05476759005620713,-0.05538743158968055,0.09812337686865777,0.09690859034917768,-0.08558125914819945,-0.0842286377024853,0.15378565519888612,0.15175982263249835
153,166,1.600716207344568,1.6155493389698166,1.6137547129411616,1.600716207344568,-0.002730324650582193,-0.002865803725500987,-0.002730324650582193,0.013484201884153977,0.013468881821837813,-0.0015604475907073383,-0.001646132123359818,0.01027382437121495,0.010241474775586823
154,167,1.4123642693110647,1.3995483100069617,1.3995483100069617,1.4123642693110647,3.851454282986146e-05,0.000578161408304219,0.000578161408304219,0.019454744614415247,0.019707943703223398,-0.00032498256331890777,0.002218167696794354,0.037896780155911206,0.03296055866007281
155,168,1.4641556255625563,1.4969098427294278,1.4969098427294278,1.4641556255625563,-0.005224734620342123,-0.006351653514976061,-0.005498541082696812,0.018758809773732645,0.019530904451270367,-0.0033715066429015183,-0.00433438869981923,0.014557740658980342,0.015083180598902875
156,169,0.1243276852209341,0.1280788021317112,0.1245083397974722,0.1243276852209341,0.00463049543964603,0.004476399708719443,0.00463049543964603,0.006102995088026851,0.0060182553720213505,0.05899216250985096,0.0574418716033272,0.07410778615614465,0.07311471743006628
157,171,0.175439,0.1684276492581864,0.1684276492581864,0.175439,0.0036091717397172193,0.0035897068796439825,0.0036091717397172193,0.007151549739707621,0.00711170553390225,0.028109019853083707,0.027817923573243024,0.05178685606587965,0.051935735385241814
158,172,1.5699579086982094,1.6815312438790668,1.6815312438790668,1.5699579086982094,-0.03163420828353076,-0.03048550564145155,-0.03163420828353076,0.05288790777020511,0.05135942162296869,-0.022813320820515057,-0.023153825255453047,0.03791097966246008,0.03797568656918124
159,173,0.1653040931123446,0.1639857206772823,0.1639857206772823,0.1653040931123446,-1.2161930352375767e-05,6.407236375467564e-06,-2.864597451912587e-06,0.000640612857699964,0.0006469798065264498,-0.00220780116065362,-0.0017174296512673774,0.011387729390288344,0.010943436839241205
160,174,0.8700990732553057,0.7790359247229345,0.7790359247229345,0.8700990732553057,0.06046050665417687,0.06500925759882055,0.06500925759882055,0.08239634305125033,0.08415943591228862,0.10310635675779575,0.11420254882255906,0.14446532167682627,0.14433346075193798
161,175,0.6460419260257566,0.6935993314708342,0.670879907703778,0.6460419260257566,-0.028458734722908937,-0.027808625736799056,-0.028458734722908937,0.0358366007526243,0.035276185200972754,-0.10197068009376033,-0.09933759837877158,0.10761299913360012,0.10565431326696723
162,176,1.3709097925522868,1.3589563817178765,1.353987475071131,1.3709097925522868,0.011696104955598117,0.01174396840341686,0.011696104955598117,0.014993188319210305,0.01497070891235069,0.014091145569758464,0.014231599042578341,0.019875265764847553,0.019919686275269504
163,177,0.0993613906145001,0.086105723043055,0.086105723043055,0.0993613906145001,0.009617278648425188,0.009498598750927423,0.009617278648425188,0.011703094867521762,0.011361701993590882,0.14368318856087808,0.14665386619253998,0.1728884625232518,0.17473269017801127
164,178,0.9809097223280344,0.984985920311826,0.984985920311826,0.9809097223280344,0.012107367633899276,0.011723168489129054,0.012107367633899276,0.03178068651346752,0.03157321994758255,0.04082901405818257,0.039960385293668604,0.07102097561583538,0.07048608697592885
165,179,0.2557604446938257,0.2624900349920415,0.2624900349920415,0.2465793020952381,0.005438251456424666,0.00569792986354211,0.005749635558804165,0.010143109428392291,0.010242667664112524,0.04016911417629591,0.015281108650011626,0.19115038230642217,0.352356500112938
166,181,1.0895078475006983,1.3216307219264662,1.3216307219264662,1.0895078475006983,-0.3118395507244903,-0.08641503861898875,-0.08641503861898875,0.6760210989868993,0.2591485840761118,-0.17019551578621483,-0.053907662406718425,0.38240292333982095,0.21575689659486175
167,183,0.8623457899636924,0.8769439792158602,0.8769439792158602,0.8623457899636924,0.014926461156096256,0.014871772075408757,0.014926461156096256,0.01895357706979282,0.018886721936866878,0.07557528745939625,0.07655369878144128,0.10462243934784776,0.10560703605540872
168,184,0.3239579811055065,0.3243344096956382,0.3243344096956382,0.3239579811055065,0.006553694128615562,0.006553694128615562,0.006553694128615562,0.00812730890157606,0.00812730890157606,0.03413803922687865,0.03413803922687865,0.040969032902958585,0.040969032902958585
169,185,0.5565824578956151,0.5431329577111191,0.5393713922357452,0.5565824578956151,0.01006686379721055,0.010028564135026596,0.01006686379721055,0.010685451712960412,0.010702474298671622,0.038704655935153306,0.038215921224928166,0.04192611196342405,0.04163701036638877
170,186,0.798445847498787,0.9242080187965188,0.9120689159984712,0.798445847498787,-0.0028980052978277793,-0.0041705555762151765,-0.0028980052978277793,0.0401098855636712,0.0414701074322286,0.05945443214072829,0.05140725502018526,0.16908426400159013,0.17688552087781065
171,187,1.4549201460564751,1.460574580449591,1.460574580449591,1.4549201460564751,0.004448289068119553,0.004417631518471117,0.004448289068119553,0.01061464662996799,0.010477419879991403,0.007632889090600716,0.007621683574334037,0.01487865777820324,0.01477500807194916
172,188,1.0776863330487425,1.0317546374620563,1.0310758180688206,1.0776863330487425,0.006773662901917928,0.006952951892897691,0.006773662901917928,0.030766886428440325,0.030654269722438614,0.0075149868486626735,0.00742573050049293,0.03343905808015492,0.033322067675204
173,189,0.8142283735101207,0.7941996022094603,0.7941996022094603,0.8082427609845546,0.010277061398253344,0.01039313402548493,0.01039313402548493,0.014021028088176894,0.01416604429068652,0.02803245560261022,0.027729994584372437,0.039280512267838706,0.03914566392855987
174,190,1.1106221222113222,1.1665132818943245,1.1645667695693798,1.1106221222113222,-0.024184424860772727,-0.02423300279038891,-0.024184424860772727,0.04854990722550063,0.04835187831061886,-0.02327167298006999,-0.023293671417709924,0.05571067520089605,0.05534026649506119
175,191,1.4717802533304214,1.452729484526618,1.452729484526618,1.4717802533304214,0.01616663423248764,-0.0006620884185226841,0.01616663423248764,0.035840542195371645,0.05273633593212858,0.01725834265565225,0.003748110724834542,0.03450478348267414,0.04538597632811637
176,192,0.149980578163982,0.052054672493936,0.052054672493936,0.149980578163982,0.06634478580132998,0.06500768132299042,0.06634478580132998,0.07003807717078264,0.06900142295572109,1.957678679238282,1.9860491820576123,1.9873727748069674,2.0199264714222434
177,193,1.7341000211182835,1.530945983369588,1.530945983369588,1.7341000211182835,0.008874844650051164,0.04041265649740189,0.008874844650051164,0.11479302307494596,0.15497038029724458,-0.06348901915273499,-0.030693489144134157,0.18431769962886246,0.19494272602477627
178,194,0.9899821227272724,1.033215318235539,1.033215318235539,0.9899821227272724,-0.004652444630074037,-0.004710433565394899,-0.004710433565394899,0.016288186591559617,0.01633150568100466,0.004350245008757712,0.004342860854258577,0.028760774533871655,0.028842525549137785
179,195,0.4016787028485756,0.311032176071349,0.2983275422580034,0.4016787028485756,0.05522036317922532,0.05777501674208553,0.05522036317922532,0.05911532468297769,0.06314459594406967,0.35492147614318365,0.3569726240453713,0.36212762452480085,0.3635999150729154
180,196,1.319094300468331,1.3158941356539609,1.3122204708748713,1.319094300468331,0.00609271161359607,0.006211736033699806,0.00609271161359607,0.011368501085932766,0.011421583953483744,0.02049290346264795,0.021620166473170513,0.03877957334290388,0.04080538698863951
181,197,0.9575956815114716,0.9498220800427318,0.9401637803745108,0.9575956815114716,0.008879506505613734,0.008742529248826212,0.008879506505613734,0.01106667531131833,0.010989252117594318,0.011491636523049744,0.011211729681516729,0.015408410317391482,0.015287172587505664
182,199,0.0824602352074975,0.1025920855742306,0.1025920855742306,0.076791781927493,-0.015241818829721573,-0.015153391862003361,-0.015153391862003361,0.017873569259590133,0.017761725040762524,-0.29154106109525185,-0.29223414327618513,0.2936379539309171,0.2940899448993769
183,200,1.0940696864111488,1.1037204802677243,1.1037204802677243,1.0940696864111488,-0.0112160822352919,-0.011163476939773022,-0.0112160822352919,0.01530167532108333,0.01525561637654701,-0.014432848981617646,-0.014518710295815418,0.019754443159406106,0.01981851115377051
184,201,1.1434646251340548,1.1458891843245107,1.1267819025543473,1.1434646251340548,0.0009251260673165706,0.0010039772709578081,0.0009251260673165706,0.01613016006156459,0.01562607968553752,4.052319760496501e-05,0.00015302760723359313,0.018104616410932615,0.01752562959946515
185,202,1.4433739453823142,1.5028127533355302,1.4687131985509674,1.4433739453823142,0.0009183696653118492,0.0006016459381469333,0.0009183696653118492,0.011128180650838137,0.011380104057258058,0.1082194185164982,0.11347504679499085,0.19521909539536988,0.20603341077031975
186,203,0.663899982,0.6582629870904284,0.6520022924331212,0.663899982,0.016832234019481307,0.016902026210569025,0.017060318381149027,0.018222137948272075,0.018170208429245424,0.06215848415338185,0.06252596840859609,0.08073209887001209,0.08003990566212353
187,204,0.0519988749610921,0.0527469698981829,0.0527469698981829,0.0519988749610921,-0.0013304519738904842,-0.0013141089457779733,-0.0013304519738904842,0.00263619401126986,0.002619870776309142,-0.03257417278690553,-0.032187286487788826,0.05737977928920169,0.05702464859564827
188,205,0.0125512726787267,0.0130171217559076,0.0128709598999437,0.0125512726787267,-5.504742704814672e-05,-5.8877427440711636e-05,-5.504742704814672e-05,0.00028513643125120544,0.00027826793016718965,0.251155195315572,0.1987687816950405,0.6675534245798996,0.670363851782936
189,206,0.383588504,0.3720894969489504,0.3720894969489504,0.383588504,0.013012852570189916,0.013327749653613122,0.013056186936726475,0.014904458835911386,0.015429599459466661,0.05277100154765286,0.05328709711120505,0.06422742668248002,0.06571658103187343
190,207,1.3425496695401724,1.3339760951528568,1.3212125164218391,1.3425496695401724,0.01704678278911577,0.017032988251369705,0.01704678278911577,0.022982560032975795,0.022921484519111968,0.01846476755468746,0.018398131182799857,0.02319905404554255,0.023113432982972946
191,208,1.2547514977662175,1.158664368442886,1.153784600128942,1.2547514977662175,0.0499025696902544,0.04999267980079186,0.0499025696902544,0.0568153583232804,0.05712916362947504,0.06325772254016343,0.06318551792759297,0.0646701664225627,0.06469053478644358
192,209,0.3851206313039622,0.3888298414839283,0.3842890281471481,0.3851206313039622,0.0013258236534018206,0.0013005517437001083,0.0013258236534018206,0.0029357306471783236,0.0029171507792835165,0.0068292294378059755,0.0067192418837561,0.019940067254891065,0.019809225496708965
193,210,0.9419598755790868,0.9900790764788936,0.9733729402676428,0.9419598755790868,-0.11071055966799642,-0.10944748583636173,-0.11071055966799642,0.12313629511472197,0.12217550828684044,-0.19211693618990797,-0.1894710839329963,0.20563833452813393,0.20393234363461935
194,211,0.1701006485084299,0.2082498846254062,0.2082498846254062,0.1701006485084299,-0.019842861908702162,-0.020208747283575745,-0.019842861908702162,0.02575802430839489,0.026147696918310565,-0.11366485606002757,-0.11560520090335027,0.13862054295415438,0.14083816294208248
195,212,0.9452633980701858,0.9535035105156684,0.947423888197549,0.9452633980701858,-0.0002750298511148987,-0.0002985904184964722,-0.0002750298511148987,0.0010541582850087084,0.0010742654601962214,2.387668789036824e-05,-2.7813034681748968e-05,0.0023616498883192137,0.002366325370500026
196,213,1.1733385861078522,1.1605444651411525,1.1605444651411525,1.1733385861078522,0.028653014845082824,0.02841338838804287,0.028653014845082824,0.034539443577343405,0.03437224469182217,0.048543839605096416,0.04827683623804197,0.06051589648918427,0.060255472548117285
197,214,0.11332472146628,0.1149275138260165,0.1149275138260165,0.11332472146628,-0.0004198528770419916,-0.0004126489388889271,-0.0004198528770419916,0.0008000139168313044,0.0007953446883655629,-0.0060224171680379555,-0.005852887961227197,0.009911465146504825,0.009889195101777154
198,215,0.6838317158847343,0.6911296941319565,0.6911296941319565,0.6838317158847343,0.01304614673680013,0.012955312315239421,0.01304614673680013,0.015064583012064288,0.01499193641664009,0.05308510235522642,0.05304676196978189,0.06734340739739467,0.06717982403524539
199,216,0.1007688880249994,0.1007269514787879,0.1007269514787879,0.1007688880249994,-5.992907437191914e-05,-1.3817882665618554e-05,-5.992907437191914e-05,0.0005309187741767628,0.0006443272106361439,-0.0022519630379552033,0.0007441181406205068,0.009188067306605515,0.02656318169183257
200,217,0.7165140824308662,0.7048717582680459,0.6973737386339519,0.7165140824308662,0.004016662125949547,0.004107867481266379,0.004016662125949547,0.00801639602034782,0.008156119282306182,0.0051655942304075445,0.005222886436563162,0.014913328031171454,0.015043792977845697
201,218,0.9731100631212362,0.9647043138600008,0.9647043138600008,0.9731100631212362,0.0033929092619560132,0.0033658221942876594,0.0033929092619560132,0.005589583250943041,0.005562700426813463,0.006499361182684384,0.006473484715946257,0.009186077915307614,0.009149179500674459
202,219,0.9175546791854342,0.9236462320826252,0.9236462320826252,0.9175546791854342,-0.0005398844846322682,-0.0004763508209809353,-0.0005398844846322682,0.006364027839611557,0.006358758334428709,0.001656228992532377,0.00187268831567721,0.014349202629920144,0.014466185646850517
203,220,0.7762368121442123,0.7791246253385243,0.7696057898191712,0.7762368121442123,-0.12180706833626187,-0.12035594026353881,-0.12180706833626187,0.1658829330443814,0.1644387554615676,-0.2212970167764798,-0.22086602784977702,0.3017103121149121,0.3014278774441203
204,221,1.295300789042151,1.3112903190486005,1.3071362701263771,1.295300789042151,-0.005120555620120966,-0.005054768781882914,-0.005120555620120966,0.0298007483713558,0.029456516714712076,-0.006147915336817356,-0.005915768548610633,0.031250620003356794,0.030914213807518673
205,222,0.9555500997083908,0.9671835731362916,0.9671835731362916,0.9555500997083908,-0.001458745551012836,-0.00145014206950556,-0.001458745551012836,0.004130268328134469,0.004108122784704112,-0.0007020022631518562,-0.0007226285674185839,0.00544005256173355,0.00541683039474619
206,223,0.8985458817263389,0.9059132737594734,0.9015914548988878,0.8985458817263389,0.004699879860918924,0.004626130729203678,0.004699879860918924,0.012647552824536655,0.01259480061255257,0.01914867881113576,0.018941498347405265,0.0332153992117955,0.03306745927006637
207,224,0.8784726295210162,0.8782165530737592,0.8782165530737592,0.8784726295210162,-0.01870277826824391,-0.018424557504376087,-0.01870277826824391,0.020210944399616047,0.02005744962736454,-0.03736657831523537,-0.03723235878686159,0.04124669461931248,0.041360650409427255
208,225,1.0493299617831435,1.1047435093577822,1.1047435093577822,1.047126467561578,0.014447518512385207,0.018647140633983286,0.018072130137079645,0.035935883601066566,0.03413499994301328,0.04125775840470405,0.04801369038158177,0.08238193845201214,0.08717312068238706
209,226,1.2158257008048787,1.228298803887225,1.228298803887225,1.199472661670826,-0.007581048166749075,0.011754797016327841,-0.004301272652894217,0.01699024511467847,0.04313854202058737,-0.007135893783572318,0.02287281373334517,0.015495458415170306,0.07617474120694971
210,227,1.8994664097838831,1.7976484681157328,1.7976484681157328,1.8916296699614668,0.022551889894351217,0.02144785558970056,0.02152741274939708,0.03240516755366095,0.030282280386089194,0.015685911738917306,0.015254274012989235,0.019723906651536362,0.01880225256069752
211,228,1.44691585689046,1.4315721332486755,1.428953271482318,1.44691585689046,-0.001998122815747456,-0.0016627876481367667,-0.001998122815747456,0.007084069149791288,0.007308571836312054,-0.0007825482770451017,-0.0003613007520863546,0.006938886251856786,0.007343283052833869
212,229,0.8633140290106084,0.8101549934021341,0.8101549934021341,0.8407011656658424,0.0215019374668983,0.02109849715657096,0.02124424378517286,0.02311247879525812,0.022842483318880172,0.04433090020999463,0.045697558206495674,0.045474558410868046,0.0467351720385401
213,230,1.3432454611474178,1.3617978796052232,1.352227149043543,1.3432454611474178,-0.0021746210306688263,-0.0022865334907190477,-0.0021746210306688263,0.010066887024395304,0.010033552107062912,-0.002227807792289865,-0.002394776717972622,0.012028767331961206,0.01201097632071424
214,231,1.6364465487105455,1.6424944740229002,1.6424944740229002,1.6364465487105455,0.015844337388940203,0.015844337388940203,0.015844337388940203,0.021823921402643373,0.021823921402643373,0.017031262100153606,0.017031262100153606,0.021493298455487655,0.021493298455487655
215,232,0.6327744510978036,0.6306165675363339,0.6306165675363339,0.6327744510978036,5.8782920150678424e-05,5.8782920150678424e-05,5.8782920150678424e-05,0.0017162293578507047,0.0017162293578507047,0.0006068646795521251,0.0006068646795521251,0.005713549593584347,0.005713549593584347
216,233,1.1069504139709505,1.1074738872261405,1.1049302249442758,1.1069504139709505,0.0010898272480456283,0.0010888652698082374,0.0010898272480456283,0.0019495856410035625,0.0019444236081662303,0.0016935472221686007,0.001730114350364311,0.0028958418772733986,0.0031455976703131075
217,234,0.7973668953522072,0.8429277973803024,0.8429277973803024,0.7973668953522072,-0.010697111878859059,-0.011146639725438135,-0.010697111878859059,0.022933498974008273,0.023769379276539035,-0.010582203298416616,-0.011959758702277785,0.030797679437597647,0.03218969435312736
218,235,1.291327922349591,8.318183022293942,8.318183022293942,1.1788134884110109,-3.3041249826585517,-2.20559278285745,-2.20559278285745,4.565050835494767,2.9656760134387152,-0.7176282003613658,-0.6871803821033591,0.7291211181366377,0.6972065040879464
219,236,1.1206137884872776,1.1217687245434804,1.1216382941487846,1.1206137884872776,-0.0007354061981663598,-0.0007133846966054082,-0.0007354061981663598,0.002013183500387818,0.002000164402774732,-0.00023980725816056742,-0.0001688468276474217,0.002958406408099147,0.003019804237823823
220,237,0.3193406274907616,0.3193902978543647,0.3191965733989876,0.3193406274907616,0.0009105289532538212,0.000911276644406737,0.0009105289532538212,0.0012241347799110817,0.0012195116754272887,0.005878786102100266,0.005966525572262494,0.008826716570874802,0.008926898626320944
221,238,0.5997422126745425,0.8972971437080182,0.8972971437080182,0.5997422126745425,-0.22936928859294073,-0.2272900680435429,-0.22936928859294073,0.24393595447154484,0.24221359940053658,-0.35322585727212436,-0.3514910663136804,0.35730357264798535,0.3557840433383015
222,239,1.3228179551122168,1.3091075098093423,1.3091075098093423,1.3228179551122168,0.01708125530940717,0.016921732183771732,0.01708125530940717,0.018773908960289295,0.01861889561032253,0.01804249694137634,0.01796713638932913,0.019263393851827994,0.019190658149219778
223,241,1.3317629179331243,1.326996557645166,1.320137787817233,1.3317629179331243,0.0025793995003518854,0.002620912489607934,0.0025793995003518854,0.0044994977876165985,0.004608544989239668,0.0021326758456708113,0.0021187456681015615,0.004216398009215756,0.004309001344461121
224,242,0.987614839111353,0.9813242691075122,0.9813242691075122,0.987614839111353,-0.0006068796753865765,-0.000567239409931504,-0.0006068796753865765,0.002662646694287415,0.002681888184222505,-0.001286517859266514,-0.0012865390767786986,0.0035266163341444367,0.0036132231747753036
225,244,1.1944855114691997,1.1811000457434755,1.1811000457434755,1.1944855114691997,0.013414904184742468,0.0133023943700652,0.013414904184742468,0.014289649221174336,0.014197838312972017,0.01878846482359412,0.01898907576149331,0.0237921999565522,0.024143501487744596
226,245,1.6206375485416828,1.617706280241649,1.5355050246399766,1.6206375485416828,0.0006153595023252129,0.0019488159652136488,0.0016176736754173482,0.07323467781034518,0.0732509004985099,-0.06486506112758633,-0.0583099194049053,0.1650243499763799,0.15704413586072943
227,246,1.4624707865073656,1.4514889008401075,1.4514889008401075,1.4624707865073656,0.010016600471920385,0.009873452928706778,0.010016600471920385,0.010556434007947748,0.010495051748383713,0.01002621185050829,0.01001128005385845,0.010781656260838513,0.010880331834469095
228,247,1.285254573927185,1.1836103553098352,1.1836103553098352,1.285254573927185,0.11304710783652447,0.11342783253811148,0.11304710783652447,0.11338321054130453,0.11393460632519667,0.11170729219038802,0.11297307841360898,0.11296874689622842,0.11430310904965311
229,248,0.8724498972858852,0.8765070847847927,0.8765070847847927,0.8724498972858852,-0.0050307098337659915,-0.005083799151925736,-0.0050307098337659915,0.005384785843934802,0.005430123359299501,-0.006809566660268198,-0.0069982931192921986,0.007307079013913303,0.007563172740389751
230,249,1.5771395234425627,1.5758992052440424,1.5682289208087643,1.5771395234425627,0.006099411151861681,0.006095207276685597,0.006099411151861681,0.006468333253933284,0.006490487577622152,0.004592449561352584,0.004671452034781949,0.004733865574307011,0.004919404738237592
231,250,1.373555124107504,1.3832702935910928,1.3721693496180123,1.373555124107504,0.0045139071744250674,0.00451357979669488,0.0045139071744250674,0.005198085517809144,0.005980901488337393,0.0042014119595386885,0.004355222846433697,0.005164067207955763,0.006124482797351129
232,251,1.271232112848819,1.2947475489346274,1.286615561124475,1.271232112848819,-0.002010554292520193,-0.0022153760216499685,-0.002010554292520193,0.012317459786165759,0.01246268103874419,7.272086984414284e-05,-0.00010156827003121978,0.015868950453716894,0.015886253057978438
233,252,0.9722835413925384,1.0064202995656788,0.9966607681087174,0.9722835413925384,-0.008055168916462964,-0.007713476987473072,-0.008055168916462964,0.027201854013600424,0.02706787598823943,0.04804966182345178,0.052481148299383856,0.14522369091954127,0.1502073030887872
234,253,1.1110042444317174,1.102190445370435,1.102190445370435,1.1110042444317174,0.0015624245805451102,0.001479130790954573,0.0015624245805451102,0.011915411886745029,0.011775464851948496,0.0017576665354159333,0.0017116431889920487,0.01503265092055894,0.014851242247133635
235,254,1.6755559640635798,1.6077531331132382,1.5921729083871412,1.6755559640635798,0.049316698253328975,0.04961449091185727,0.049316698253328975,0.06330943413241359,0.06345674352032878,0.04193111154314903,0.04198544123464575,0.05195681799819985,0.05189774298912884
236,255,1.0235856729389252,1.0396950048470466,1.0396950048470466,1.0235856729389252,-0.008418183342831839,-0.008663163165429607,-0.008418183342831839,0.012144294885355508,0.012506677529422453,-0.009896956564429361,-0.010190385021640888,0.014703948717923602,0.014971841082401174
237,256,0.8589555076929782,0.8720963630554852,0.8720963630554852,0.8589555076929782,-0.0036149831631433105,-0.0032731852563289807,-0.0036149831631433105,0.008076581138810879,0.008227714549541756,-0.004262833716868424,-0.0034948780017987546,0.010545595981568387,0.01152890034366846
238,257,0.9984026556973504,0.9729482153851456,0.94709338408421,0.9984026556973504,0.012144437970248688,0.013184039528792388,0.01232171941575998,0.023697011395666844,0.02464774749380791,0.019351690049806202,0.02006861017343617,0.033635195865139245,0.03417605644934829
239,258,1.0123560249773922,1.013454168892485,1.013454168892485,1.0123560249773922,0.002224122853695925,0.0017980911417518552,0.002224122853695925,0.005659086763690556,0.005718711263990947,0.0027488509456627635,0.001982397350018546,0.0070845419576010815,0.007695225604453475
240,259,1.279450476190476,1.2905320327130791,1.2905320327130791,1.279450476190476,-0.000542587078423939,-0.0005168661185758344,-0.000542587078423939,0.017502070947867328,0.01742794148612476,0.0019794974321534933,0.002066544065128729,0.03155100034232562,0.03143471591201359
241,260,1.1593471529389916,1.094054557598242,1.094054557598242,1.1593471529389916,0.0694467949218878,0.0691387819761426,0.0694467949218878,0.07115243442352245,0.07096960577592917,0.08407827924772385,0.08491803665600191,0.09154813756444366,0.09290977543566425
242,261,0.7517739019938949,0.7570024804866744,0.7570024804866744,0.7517739019938949,-0.008151842174277274,-0.007840826837567677,-0.008151842174277274,0.008258202433307837,0.00831991862069202,-0.011686331384548098,-0.01133677295690406,0.011923263666506818,0.012111642249182288
243,264,1.3043597144896502,1.270583366677808,1.270583366677808,1.3043597144896502,0.02268990332240329,0.023880656630153384,0.02268990332240329,0.024433463058789632,0.02636365167457752,0.047395579404893036,0.048021077718889374,0.05131759963959504,0.05178746531849289
244,265,0.7104959184030756,0.7492786367753026,0.7492786367753026,0.7104959184030756,-0.02548006808015565,-0.026315950587037777,-0.02548006808015565,0.03155158240686961,0.032553440899952754,-0.04529420428328312,-0.046552694544740675,0.05847380831446794,0.059736871848275544
245,266,0.5620841845096365,0.6458306358765163,0.6458306358765163,0.5620841845096365,-0.03757672980984867,-0.03699064557398006,-0.03757672980984867,0.047492021567088434,0.04735356772054534,-0.064014664595294,-0.06195498500684511,0.08700597093291935,0.08761006601751281
246,267,0.8679769405281763,0.8413141271341738,0.8413141271341738,0.8679769405281763,0.0063247570496881966,0.006160557198716612,0.0063247570496881966,0.03924809041465897,0.0389954150676059,0.005184529766858647,0.0049732590127242035,0.05454096062486207,0.05419530111199177
247,268,1.5278889331958292,1.5968281826773467,1.5968281826773467,1.5278889331958292,-0.00968875327692744,-0.009617155519043453,-0.00968875327692744,0.024196079512932938,0.023930771846507583,-0.008492485438405603,-0.008578777905705454,0.01985170873477744,0.019729507666775132
248,269,1.4913180880689971,1.3944476121219485,1.3944476121219485,1.4385399821094027,-0.0023791798349444625,-0.005542468700997569,-0.005542468700997569,0.02088939541760855,0.013501152415596058,-0.002935450916292486,-0.005257814772767573,0.017726389771001383,0.013623581466210443
249,270,0.2962689042966803,0.3099256681882429,0.3099256681882429,0.2962689042966803,-0.0007296793044426304,-0.0007296793044426304,-0.0007296793044426304,0.0038840052248161655,0.0038840052248161655,0.015409722304288366,0.015409722304288366,0.04005685805713458,0.04005685805713458
250,271,1.5072137153537202,1.3919169574559944,1.3919169574559944,1.5072137153537202,0.03903730714025181,0.03903730714025181,0.03903730714025181,0.04521260062048075,0.04521260062048075,0.05685318121542509,0.05685318121542509,0.06341566942751566,0.06341566942751566
251,272,0.5628089706162946,0.5714532282874566,0.5585804908026094,0.5628089706162946,0.0005744532442460204,0.0006130147216799331,0.0005744532442460204,0.002473445124545431,0.0023818062157223386,0.0009482048999033599,0.0011319458951240485,0.005993874987091528,0.005817712782300779
252,273,1.3736031206624195,1.376542648786226,1.376542648786226,1.3736031206624195,0.0012041894451741478,0.001695063002835264,0.0012041894451741478,0.008768199904627997,0.010122160153979964,0.006707243137326094,0.008726215438148902,0.027072778098911014,0.033687822188221535
253,275,1.5016,1.5069557185752085,1.5069557185752085,1.5016,0.011197110365817874,0.011035085953393907,0.011197110365817874,0.018191580736726696,0.018102048227506662,0.023714411038435843,0.023437247055553403,0.04653124044640598,0.04628919773946049
254,276,0.866632040627887,0.8705676019465279,0.8705676019465279,0.866632040627887,0.0001434287850381336,0.0001327046235366447,0.0001434287850381336,0.003789460665335714,0.0037665492741285234,0.000854106812896199,0.0007866243262575374,0.0070805050052389126,0.007054433843176398
255,278,0.0047582958518257,0.0041083602641712,0.004047825745068,0.0047582958518257,0.0007008273233583296,0.0006952840460801122,0.0007008273233583296,0.0007987272399127826,0.0007945754072629551,0.4874336099174527,0.4843294684406412,0.518133725471897,0.5155750685279669
256,279,1.0447071119133573,1.0178512903508443,1.0178512903508443,1.0447071119133573,0.017058629423811693,0.016809938271561197,0.017058629423811693,0.018162377171308072,0.01791319333033945,0.019002684117969758,0.018863669617273694,0.019977589104253086,0.01981498443293028
257,280,0.8992841260538158,0.897973717481728,0.897973717481728,0.8940005371108458,-0.01061787607604032,-0.010340234506184756,-0.010678849344939402,0.020542134910360877,0.020364948306001086,-0.019498200260190515,-0.01884042010219863,0.03722526509532095,0.03703701052076434
258,281,1.00711902113459,1.054091016661172,1.049035500061655,1.00711902113459,-0.0015446416554945317,-0.0021991924944318765,-0.0015545144085810203,0.011969431916498794,0.01330648947243976,4.281417071442834e-05,-0.0005881801831900035,0.012275903756191014,0.013456654025653679
259,282,1.4462197981651377,1.4671691087162757,1.4671691087162757,1.4462197981651377,0.0048086083084596,0.00499937542697127,0.0048086083084596,0.012936048761636938,0.013113514184860885,0.009660193914593261,0.010190560553284987,0.019409732082726297,0.020395058471745955
260,283,1.326089217620929,1.3148588553793985,1.3076737925270083,1.326089217620929,0.014825625891996552,0.014766411589591995,0.014825625891996552,0.02123074213640439,0.021137162407697405,0.033208206224908,0.03313035019586883,0.04535229653625538,0.045211995056337495
261,284,1.3016211251435106,1.2948807422958943,1.2948807422958943,1.2548962573496123,-0.00944690931324358,0.0013277200047817981,0.0013277200047817981,0.0367570119211832,0.013192312074689476,-0.025190921996932115,-0.0016204695439186487,0.062473377320876315,0.016307923818384928
262,285,0.8171338617608003,0.6767039416604587,0.6767039416604587,0.8171338617608003,0.09563034618147002,0.09498055612115382,0.09563034618147002,0.11282756438075689,0.1120955338228587,0.5237534590635962,0.5162506990685141,0.7850648896528889,0.7781469653819749
263,286,1.0750309571485783,1.020352445046746,1.020352445046746,1.0482788546255506,0.0022338980971909734,0.0017339838164741371,0.0017339838164741371,0.013066247350875852,0.012450717622167798,0.04836867037611588,0.048607385178324095,0.10729698119517046,0.10805259366414521
264,287,0.7107597938496584,0.6038195636804632,0.6038195636804632,0.706883559984814,0.04907615857349095,0.046820964690814044,0.04757972900638506,0.06015849304638175,0.05809079069573669,0.09393173660940513,0.08963873846328649,0.11400493878996101,0.11148975456252233
265,288,1.0947617185610587,1.0665812802573762,1.0665812802573762,1.0398550305270808,-0.01267061583228853,-0.011960435105361643,-0.012010244280389605,0.014183434906752852,0.013613846127349045,-0.01540940123375826,-0.015703073565760724,0.01603663555048367,0.016352266675175545
266,289,1.2743970734764216,1.270919129266416,1.270919129266416,1.2743970734764216,0.007976929143725133,0.008095290655803358,0.007976929143725133,0.011128226886288499,0.011249204917133855,0.009621855330225679,0.0096838246779352,0.013141564281493826,0.013171477471549398
267,291,0.7587080048298882,0.7705431683219548,0.7705431683219548,0.7587080048298882,-0.011025620711359577,-0.011595443837349518,-0.011593940628456355,0.011264704631324713,0.01163612216254447,-0.025477845817778677,-0.025371020966084592,0.028765777998979388,0.028636265674605813
268,292,2.590426884650326,2.6748076827655254,2.646764711081519,2.590426884650326,0.003891577455353874,0.0035591677919878445,0.003891577455353874,0.01623586974000556,0.016599309600285106,0.009928201763048978,0.009850342996519218,0.021584939259308877,0.021594635540391746
269,293,1.6999070946107813,1.876479743403041,1.8593184738961184,1.6999070946107813,-0.056148709336772434,-0.056438639314509036,-0.056148709336772434,0.07254555574844998,0.07335836196800583,-0.04803179972375985,-0.04758694040182388,0.06216310156177642,0.062306721701478295
270,294,2.258530942741458,2.2607970326304327,2.2607970326304327,2.258530942741458,0.0023518620622404013,1.1529569505892026e-05,0.0023518620622404013,0.009785964464247562,0.011733441694764205,0.008997904639615665,0.003428277802119463,0.02063726406975577,0.025004821309358726
271,295,1.5153092423086705,1.5373235931041194,1.5108384455985877,1.5153092423086705,-0.0018931279907208804,-0.00195030292270251,-0.0018931279907208804,0.004488246624514796,0.004552687918633718,-0.005109108434845403,-0.005351481742644724,0.012117449626102623,0.012642024668327891
272,296,1.0755181376866911,1.075902310402492,1.075902310402492,1.0323466361305225,-0.011672812307175234,-0.011260634583927506,-0.011336164271950337,0.026062674985999654,0.025939826397420457,-0.0023329307629648957,-0.0018918176238796735,0.052810362289931696,0.05306771641150648
273,297,2.042989509702402,1.9941305136265728,1.9562466499665487,2.042989509702402,0.055872071354616984,0.055587495118708405,0.055872071354616984,0.07257296512910524,0.0723443279626496,0.0772346858755986,0.07623022777845542,0.10710975841986914,0.10638038583739845
274,298,0.9558318915801612,0.9516922474277776,0.9516922474277776,0.9558318915801612,0.001919736275606206,0.0026525785530736937,0.0026525785530736937,0.004465509896104272,0.004010958601817377,0.0019788397958523936,0.0037122801039192735,0.00823958537745798,0.005888149542131769
275,299,1.147301837646659,1.197979919292384,1.1678156660442982,1.147301837646659,-0.00296194139035287,-0.002360109356031725,-0.00296194139035287,0.009765077772572486,0.009723839952428781,0.007372324243460976,0.26781653615481554,0.06710455726040407,1.2321684067928116
276,300,0.9833349041159964,1.01050856556806,1.01050856556806,0.9833349041159964,-0.043960916785769036,-0.045219673173320846,-0.045219673173320846,0.09900472756485584,0.10044912843773068,-0.08116389650450179,-0.0834870741532857,0.20201579306015527,0.20496329328242377
277,301,1.5825264499681249,1.6043257484555653,1.6043257484555653,1.5815092415551235,-0.001515950084447826,-0.0012434850617294303,-0.0012434850617294303,0.024638274622093167,0.02453576885667405,-0.0004157630906610441,-0.0002430814351173419,0.03070538127007194,0.030768050307492377
278,302,0.6039656272767406,0.6110799500350045,0.574805322247067,0.6039656272767406,0.0026768461567200337,0.002893281023888197,0.0026768461567200337,0.010052390039414069,0.010066682595310836,0.021013915271876602,0.02648847391629161,0.08675625821735965,0.09892163024085145
279,330,3.042646382978724,3.0882140622124226,3.0362911212747803,3.042646382978724,0.006340683929892709,0.0062568353312830146,0.006388950042269387,0.012130463610877733,0.0121461396175102,0.00893733407823038,0.008798033978113113,0.019563568833897805,0.01953044301712607
280,331,2.764622660632704,2.856184547884707,2.8060232311024205,2.764622660632704,-0.04354551148161551,-0.04339656183764484,-0.04354551148161551,0.04560529496299074,0.04546420590281738,-0.04678977375521939,-0.046905758744898905,0.0502779983992228,0.05058231094640197
281,332,2.4504080258265724,2.464543271023245,2.464543271023245,2.4504080258265724,1.1294915476041065e-05,-9.352814749362611e-06,1.1294915476041065e-05,0.027237351153769622,0.027094356264935462,-0.006013800891082065,-0.007127724555945334,0.034775563811792094,0.03644539657831888
282,333,1.1183292074892763,1.069325201023197,1.0650553455934937,1.1183292074892763,0.08005589136356295,0.07977580643863308,0.08005589136356295,0.08115223462605603,0.0809080940366253,0.13758124246795508,0.13890515056592018,0.15914574405163306,0.16150389312045102
283,351,1.158387067042701,1.172056011081584,1.1609236459115748,1.158387067042701,-0.004220629536629212,-0.004363233284094233,-0.004220629536629212,0.0054575154873839765,0.005663839358464535,-0.004643782944462542,-0.0047545795136767445,0.006205577413279154,0.006298283557383488
284,352,1.0079249650421431,1.0087708596956018,1.0087708596956018,1.0079249650421431,0.002002235655268592,0.0021326568689275663,0.002002235655268592,0.002944824789846487,0.003112288870418436,0.0022036027930040485,0.002385357049099402,0.003229223898182585,0.0035193531787960954
285,353,1.4167472616450285,1.4579940446309465,1.4509812847755597,1.4167472616450285,-0.013581453833089714,-0.013768644030174507,-0.013581453833089714,0.016876333549299388,0.017142996195336116,-0.013330391841127555,-0.013429038276283913,0.014795905433566852,0.014918350463140313
286,354,1.6247898894154795,1.643586605813339,1.6277076333523517,1.6247898894154795,-0.005930905512170916,-0.00597334316830375,-0.005930905512170916,0.006916966643368,0.006963716264457606,-0.005557731187279121,-0.00565997868127456,0.006347240253532536,0.006541346458447572
287,355,2.432877709522693,2.344028998370693,2.3330335578089803,2.432877709522693,0.07622201011284484,0.0758567470190403,0.07622201011284484,0.09970342547002253,0.09924098693103676,0.04549707703688244,0.04584457415176568,0.05251048859141716,0.05290379027438983
288,356,1.284745640676804,1.3015331109109365,1.2930598857427027,1.284745640676804,-0.008815601700004156,-0.008715378139636134,-0.008815601700004156,0.01118823799231315,0.01110536244003249,-0.010538761171904306,-0.010388046322662076,0.013016307802327527,0.012908064187489602
289,357,2.6381199911652784,2.576394586039084,2.576394586039084,2.6381199911652784,-0.0061606049957327914,-0.006587323394688288,-0.006587323394688288,0.05797888245894448,0.05815800393839245,-0.008974302352838283,-0.009209225048103514,0.042878997077971735,0.04307109857129682
290,358,2.518531468531461,2.5490434264779656,2.504313375723758,2.518531468531461,0.009830130139022009,0.009722819000402809,0.009830130139022009,0.011804942388578056,0.011706882376607714,0.0050742311647262945,0.005009154619560395,0.005792138515708648,0.005741576862229286
291,359,1.632429165821346,1.6199305680454148,1.5985017986522227,1.632429165821346,0.034760780658267876,0.03439053684528322,0.034760780658267876,0.04069894740756792,0.040403884944186244,0.02745173806937941,0.027146371506314996,0.03079574103335835,0.030561296246014356
292,360,1.764890582864678,1.7290127802886408,1.7203639300549949,1.764890582864678,0.0189743761109279,0.01916760084845403,0.0189743761109279,0.02379531427517998,0.024007565494811735,0.020086124895919936,0.02012257335815447,0.022421248649055196,0.022439185026571194
293,361,0.9345042293233148,0.8855344433425169,0.8855344433425169,0.884731639366277,-0.0021059380792563917,-0.002623256428200061,-0.002623256428200061,0.006950755423690462,0.005715079551548679,1.285708772965132,1.303801896786897,6.481870596301444,6.528670170941135
294,362,1.3663173932384272,1.3797421396120315,1.3725619130255429,1.3663173932384272,-0.0030099336036205583,-0.0030688519893650483,-0.0030099336036205583,0.004667108466301599,0.0047162257843796134,-0.0041375869362490205,-0.004243734039743852,0.006122947297104245,0.00621176135937645
295,363,1.4028253472775245,1.4017581112222637,1.3789264541865325,1.4028253472775245,0.0019818934883693256,0.0020818943876829946,0.0019818934883693256,0.011040927549367087,0.0109948923929889,0.0002843651439455242,0.0003827518366426405,0.009638229554593472,0.009574012832401104
296,364,2.0191314283807853,2.059088582335313,2.059088582335313,2.0191314283807853,0.012669699610808698,0.01256381162525527,0.012669699610808698,0.029567229240902212,0.029422516916232596,0.01563884196172848,0.015495403513593744,0.025807749688063986,0.025681123503037095
297,365,1.3888768557247,1.356817806849439,1.356817806849439,1.3888768557247,0.031748469417695775,0.03155510227201731,0.031748469417695775,0.031902210991727256,0.03172065552018341,0.026427906310626748,0.026425718994477907,0.026766968450020173,0.02675396137254375
298,366,1.3193302918672083,1.3153448649227393,1.3153448649227393,1.3193302918672083,0.005486889446120741,0.005266605310679059,0.005266605310679059,0.018602551862857714,0.018516717879389057,0.006069808101945758,0.005648268900981789,0.019793083519176996,0.019360316500828388
299,367,1.3708513149075934,1.3971313691486544,1.3904762433699938,1.3708513149075934,-0.0043106391354934374,-0.0044423221727419885,-0.0043106391354934374,0.011496057868124809,0.011612922603679875,-0.007997837235344913,-0.008126224511524652,0.014114475712345318,0.014150028882197647
300,368,1.8342539534596989,1.8089796454495948,1.8089796454495948,1.8342539534596989,0.0170043115896561,0.01680115522622764,0.0170043115896561,0.019922085873158215,0.01977571691850978,0.014984173637960504,0.014760000327778501,0.016491565245969186,0.016357623273271536
301,369,1.3886770691579786,1.356085769516662,1.343287063536792,1.3886770691579786,0.008854587616342679,0.008986891587074235,0.008854587616342679,0.018367747663971846,0.018570921430854755,0.004036307933568935,0.004065497635491798,0.0176760701711209,0.017815854001150405
302,370,1.0681699729893412,1.1668813885113187,1.1668813885113187,1.0681699729893412,0.004237071404613887,0.002886720662451647,0.004237071404613887,0.05830148347822203,0.057792052537235315,0.042419906977765647,0.04052646198918163,0.09698826786492527,0.0956542346254922
303,372,1.3738309390165664,1.3729573324791224,1.3729573324791224,1.3738309390165664,0.00013674943517951731,0.00015700909528071168,0.00013674943517951731,0.004772301631263645,0.004736284376377163,-0.0002462064856661098,-0.0002189337017672822,0.004765446736749787,0.004729707427438317
304,373,1.5550201667936152,1.5497238035334608,1.5497238035334608,1.5550201667936152,0.005700054665525361,0.005649510897378965,0.005700054665525361,0.006061554651825326,0.006017432041886215,0.005044383970160408,0.005036309415174671,0.005285718922779752,0.005281595825614289
305,374,2.6116202855079718,2.607686555925039,2.607686555925039,2.5729878353607725,-0.007848018278576422,-0.007972527349700866,-0.007964542430673032,0.018683949815750327,0.018699045798462023,-0.006531239224999187,-0.006781988811548232,0.030556926098472246,0.03065136629371395
306,375,1.764322943280528,1.779549034614489,1.773895550956831,1.764322943280528,-0.008769870865423867,-0.008607897169760244,-0.008769870865423867,0.015903066068886015,0.015768231328890082,-0.0034082501003721145,-0.003096635501946361,0.014469873156369745,0.01459981504864913
307,376,1.1125114230089292,1.0803493760824674,1.0803493760824674,1.1125114230089292,0.0010865506360380483,0.0011514203746218715,0.0010865506360380483,0.01105723866348547,0.011040808358508632,0.0066166856676838914,0.012175427059612848,0.05655037152730403,0.08338569069349974
308,377,1.1445021413364316,1.1425768006503911,1.1425768006503911,1.1445021413364316,0.0030832540907358478,0.0032062991756381517,0.0030832540907358478,0.004718436586304216,0.004930600834356263,0.003451120094855188,0.003579909289505867,0.005404867137080718,0.0056105195565741605
309,378,1.4081779531619256,1.4209131735967675,1.4209131735967675,1.4081779531619256,-7.667972863137451e-06,7.54097189137208e-06,-7.667972863137451e-06,0.005801588524962512,0.005772510002154599,0.000387284692967967,0.0003939150801497131,0.00680977551623661,0.006774258343148537
310,379,1.3693664482380823,1.466203962927218,1.466203962927218,1.3693664482380823,-0.06060492829187872,-0.05944480195239883,-0.06060492829187872,0.069289698089728,0.06816461183919185,-0.045644755025283985,-0.04521761525700606,0.050664208388481624,0.050115721814090554
311,380,1.5441556525843747,1.4983323456435784,1.4983323456435784,1.5441556525843747,0.024605950933197725,0.02441319807243887,0.024605950933197725,0.03508971826379913,0.03515428452503682,0.016548003728286725,0.01584566874244659,0.02628375766822284,0.026829078345096014
312,381,1.540005634156493,1.420987391186461,1.420987391186461,1.540005634156493,0.07141556731022587,0.07020036317433564,0.07075895721510377,0.08739752791740539,0.08632256455493442,0.07169602486751141,0.07076341020194256,0.07710958119631388,0.07623211079837366
313,382,1.5188627571805122,1.4936517451699751,1.484578434159776,1.5188627571805122,0.014562575074512635,0.014585164875235899,0.014562575074512635,0.0189954825631365,0.01907284252784309,0.01476207999601433,0.014650484949857738,0.017041825297711383,0.01699410797501536
314,383,1.9806042844210927,1.9879722896594776,1.9879722896594776,1.9806042844210927,-0.0025316543372946422,-0.0028886090523231735,-0.0025316543372946422,0.009480012496949382,0.010059050396145299,-0.0011025175436317903,-0.0013377319539950195,0.00563144226016593,0.0058903400172674834
315,384,2.0680948437472093,1.9464307930213016,1.9464307930213016,1.961769586252709,0.005684875120741758,0.0028766086907475825,0.0026756462518700043,0.0160318409092104,0.007124752899276384,0.004664426975947064,0.0036529103281147,0.009621464029617027,0.007653805443879299
316,385,1.3522567718197644,1.3391571419117498,1.3391571419117498,1.3522567718197644,0.009356999929392486,0.009328034263701995,0.009356999929392486,0.009646308312980157,0.00961867980365385,0.011057594893926435,0.011125192325236677,0.01171465320852553,0.011787857469689614
317,386,1.2847891469421169,1.2211915048875006,1.19077798454175,1.2847891469421169,0.017760275048348807,0.01799356521161738,0.017760275048348807,0.04255537077467393,0.04263144225499498,0.014469200557652828,0.014463963445744632,0.04475804464828196,0.04472392404608578
318,387,1.336118656841106,1.3369613551045518,1.333481278626705,1.336118656841106,0.03219875886788116,0.0319350313809258,0.03219875886788116,0.038604802439140336,0.03844626054759708,0.045496498653188805,0.04512372370716267,0.048773671423143164,0.048573368051997856
319,388,1.134015834287706,1.1181122714669298,1.1181122714669298,1.134015834287706,0.011436877964735487,0.011134188037551927,0.011436877964735487,0.014763093871158121,0.014629066044903192,0.014351429099742205,0.013741874604412598,0.01699169010042193,0.017086459588702304
320,389,1.6404668309993378,1.645674361300456,1.632224261912101,1.6404668309993378,0.005484817600506488,0.005480660016772136,0.005484817600506488,0.007024426943319021,0.00700810804296789,0.00626729949579767,0.006236557450245141,0.011131134727755952,0.011081580434372261
321,390,1.6966923318501856,1.6991047471387697,1.6991047471387697,1.6966923318501856,0.0017796061551606476,0.0016877687803763558,0.0017796061551606476,0.002940928641482252,0.00298178671399339,0.0017421041947960807,0.0016757671121774944,0.0028553257217222485,0.002861617978284207
322,391,1.3305984608773749,1.3263430269000966,1.3263430269000966,1.3305984608773749,0.0035801455448875785,0.003619308407880831,0.0035801455448875785,0.005192660999433272,0.005253313133963571,0.004954621849036709,0.004972065037404858,0.007899345404526486,0.00789573134267635
323,392,1.6073833123531032,1.6087363906482346,1.6087363906482346,1.6073833123531032,-0.002355025638706603,-0.0022831722822126204,-0.002355025638706603,0.004890135420834355,0.004838718466321627,-0.001583074609710554,-0.00152729851234117,0.00352157815665377,0.003486101677602835
324,393,1.9209892127473236,1.9176152212859363,1.9176152212859363,1.9209892127473236,0.0061122695020220455,0.005931717268174689,0.0061122695020220455,0.012209938116256744,0.012057363916585092,0.004442844892312343,0.004434702461423805,0.008334288596190077,0.008391751678168824
325,394,1.6403251188275083,1.7165543727688548,1.7165543727688548,1.6403251188275083,0.012350759198212111,0.013199390996716714,0.012350759198212111,0.03835494167084403,0.03981267409741043,-0.010513029501216313,-0.011059358530292931,0.0630614720594271,0.06487406886384711
326,395,1.285468156238721,1.269382771237172,1.269382771237172,1.285468156238721,0.00769007548837942,0.007403203204335035,0.00769007548837942,0.037982796960612866,0.037231202423546966,0.004502378508890137,0.004351198373598357,0.03426110642204098,0.03358363919760702
327,396,0.7671448075820161,0.7563799946671269,0.7563799946671269,0.7671448075820161,0.0005012403794393526,0.0006385573210209223,0.0005012403794393526,0.011927627539073777,0.011946878022777009,-0.012589311814357889,-0.012435961283387824,0.051033096080364784,0.050689877462837436
328,397,0.3559256747731063,0.3563723649469019,0.3563723649469019,0.3559256747731063,-0.0016447398827778262,-0.00165028542281866,-0.0016447398827778262,0.001850157236575361,0.0018529685353974971,-0.011657747942995648,-0.011854020938935384,0.017960614612250108,0.018168360386840336
329,398,1.8682934463366232,1.8635795512738889,1.8635795512738889,1.8682934463366232,0.010975564096448415,0.01077721990991,0.010975564096448415,0.016474792133679528,0.016278761502376803,0.008471579817931299,0.008383951952616117,0.011628620815504467,0.011519128751466259
330,399,1.3130187255127088,1.3155742194392457,1.3155742194392457,1.3130187255127088,0.005135248006887589,0.005135248006887589,0.005135248006887589,0.014949014834240729,0.014949014834240729,0.01044088325016435,0.01044088325016435,0.022972970667797122,0.022972970667797122
331,400,1.313028304170634,1.270239680558439,1.270239680558439,1.313028304170634,0.007599498066471134,0.007888658236115925,0.007620230384324432,0.01925681797212026,0.019562229822403656,0.010640034894084086,0.0104886039528346,0.020844662825673793,0.02056873930325834
332,401,1.580388334893124,1.611178820801155,1.597095562545546,1.580388334893124,-0.011423904934866407,-0.011362761463233253,-0.011423904934866407,0.014272326481579169,0.014313382079575894,-0.010038361153600593,-0.009843294079206767,0.013088900284363362,0.013101625930159198
333,402,1.29306595184101,1.2821501724449451,1.2821501724449451,1.29306595184101,0.00890215807092925,0.008827939527914497,0.00890215807092925,0.016000579335789477,0.015810918684940434,0.007425683554681137,0.007369167843452333,0.013414017550578281,0.013256884471859619
334,403,1.2870875247868852,1.241859150129141,1.2337611121416758,1.2870875247868852,0.03568378965282324,0.03546510451837803,0.03568378965282324,0.04223912071014041,0.04206474622121337,0.03376200344629536,0.033535129747007945,0.03836869377640919,0.03815182606188402
335,404,2.66641648038452,2.646582574319841,2.616983886027992,2.66641648038452,0.018379343301644382,0.01828727216382392,0.018379343301644382,0.02932888073544338,0.02916538265732697,0.008468127796530535,0.008446663985268056,0.016250432851434283,0.016151209162352922
336,405,0.8500237846066028,0.8594212219251987,0.8470619047600279,0.8500237846066028,0.0005959533567460961,0.0004689182497514917,0.0005959533567460961,0.0022630666440492417,0.0026099317079143693,-0.00033436247728945844,-0.0012210554032060354,0.01004862962587278,0.013010641871049524
337,406,1.2782223157089785,1.263674112030852,1.263674112030852,1.2782223157089785,0.012606857562460789,0.012541358621851984,0.012606857562460789,0.012777273849279689,0.012719985702914355,0.011135464729723106,0.011123320606464322,0.011258275110913709,0.01124465245549957
338,407,1.8165009341482976,1.7662929799873548,1.7662929799873548,1.7990748115164643,0.002529560680354986,0.0022725972645452758,0.0022725972645452758,0.011830658850489562,0.011538630460991515,-0.000551077022538107,-0.000521376992549795,0.011671481854558874,0.011468337192151715
339,408,1.4528383308621584,1.4484954073681315,1.4455377348834009,1.4528383308621584,0.0087133818701951,0.008586874520309352,0.0087133818701951,0.009489300961950638,0.009464509431769021,0.009229905829696862,0.009114858109627113,0.010508955988964636,0.010470535977983158
340,409,2.6492480826942244,2.673959869630892,2.673959869630892,2.6492480826942244,-0.0061381339171582274,-0.006041790092016774,-0.0061381339171582274,0.04511900567847026,0.04484001030861744,-0.001304066241875916,-0.001237967003982918,0.024171553528519574,0.024026097506307475
341,410,2.335275739789674,2.33167540945468,2.311502634007213,2.335275739789674,0.00782649427020224,0.007694209470822055,0.00782649427020224,0.019913073096577003,0.019707467552961756,0.007462253219509079,0.007178035973489036,0.014184900668714395,0.014103726852145873
342,411,1.5873649583356004,1.6044879001335148,1.5992594395406663,1.5873649583356004,-0.007181785971555579,-0.007158204179480402,-0.007181785971555579,0.008918164618782793,0.009000010074496786,-0.004759875099719974,-0.004691682318087098,0.006042227796940877,0.0061191164576708005
343,412,0.6663762231704151,0.6641716386711141,0.6641716386711141,0.6663762231704151,-0.0005421565950495014,-0.0005466226398066952,-0.0005466226398066952,0.003924488279252365,0.003947530484598239,0.0026897217881781815,0.0027292215993817287,0.021331723193809927,0.021470423039786968
344,413,2.2980948304458946,2.3103965041496077,2.3103965041496077,2.2980948304458946,-0.011950980613481259,-0.012009178231544704,-0.011950980613481259,0.0244289088680865,0.0244291168190112,-0.00770811436795279,-0.007591213359555995,0.015378622910357763,0.015332721123485021
345,415,2.2814197127146767,1.9821670287023272,1.9821670287023272,2.2814197127146767,0.16159184433893753,0.1619689789231528,0.16159184433893753,0.20977745987174773,0.21045955778296135,0.10080393613313478,0.1021288798638002,0.12624089705691086,0.12736906961846028
346,416,0.9407922684791832,0.9417758328664504,0.9417758328664504,0.9407922684791832,-0.006254399989185444,-0.006221297170047136,-0.006254399989185444,0.006728846479169012,0.006695301962504891,-0.011540971860800981,-0.011570958838600686,0.013105074418709528,0.013160457012358014
347,417,1.0531799575402516,0.95559525074872,0.95559525074872,0.9994656718259662,0.018085885030608036,0.017868969990921198,0.017868969990921198,0.022106291389919732,0.021925860790914277,0.03733951362091525,0.03748252531576493,0.044799424344827275,0.04502505428783338
348,418,1.414290588292629,1.384669931969816,1.376152097727931,1.414290588292629,0.008374048018815217,0.008527926652214007,0.008374048018815217,0.011385433322302964,0.011699031406311374,0.013394886197914135,0.013481954137951573,0.014962960921363294,0.015049364189476055
349,419,1.6789730222328023,1.671753643621581,1.671753643621581,1.6789730222328023,0.014750078397451336,0.014530306801772645,0.014750078397451336,0.01700130886043463,0.016863856847167562,0.020924719148075966,0.020839848924709668,0.023893223030014624,0.023883811448171113
350,420,2.394346796907766,2.394831557491992,2.394831557491992,2.394346796907766,0.002292450117158184,0.04119906161379439,0.002292450117158184,0.004561723111791462,0.13155238772909075,0.00186449829515457,0.021687124474359887,0.0042374983857466015,0.06889983830894732
351,421,1.6595860771401605,1.6074607456679606,1.6074607456679606,1.6595860771401605,0.04612376751808045,0.04612376751808045,0.04612376751808045,0.04945500885163359,0.04945500885163359,0.036776169564799684,0.036776169564799684,0.03826969968562782,0.03826969968562782
352,422,1.5148401253918429,1.508807312904766,1.508807312904766,1.5073855799372973,-0.00014194766357054694,-5.7741091648096564e-05,-0.0001241528354451779,0.002710029208372291,0.002806424941937279,0.0012239492996924226,0.0014626324683764584,0.005125902592408711,0.005759423018446035
353,423,2.0780505906363884,2.0737278765489964,2.0737278765489964,2.0780505906363884,0.010770339106294095,0.010403698460500616,0.010770339106294095,0.017840053104080537,0.01771203476839113,0.007434710236340605,0.007065178842845314,0.014661942785507932,0.01463070622929318
354,424,1.7471981488216874,1.7399891234076292,1.7399891234076292,1.7471981488216874,-0.0008440048745655591,-0.0008153862730576536,-0.0008440048745655591,0.0026504383000890406,0.002647745687856078,-0.0008404363025316886,-0.0007862967202614747,0.0022054647720078633,0.0022496594103334645
